Country,Project Name,Unit Name,Project Name in Local Language / Script,Other Name(s),Unit Capacity (MW),Project Capacity (MW),Type,Status,Start year,Retired year,Operator,Operator Name in Local Language / Script,Owner,Owner Name in Local Language / Script,Latitude,Longitude,Location accuracy,City,"Local area (taluk, county)","Major area (prefecture, district)",State/Province,Subregion,Region,GEM location ID,GEM unit ID,Other IDs (location),Other IDs (unit/phase),Wiki URL
Ethiopia,Aluto Langano geothermal power plant,Future units,,,70,,unknown type,construction,,,Ethiopian Electric Power (EEP),,Ethiopian Electric Power (EEP),,7.7888,38.7952,exact,,,Arsi,Oromia Region,Sub-Saharan Africa,Africa,L700004,G700008,,,https://gem.wiki/Aluto_Langano_geothermal_power_plant
Ethiopia,Corbetti geothermal power plant,1,,,50,,unknown type,pre-construction,2025,,Corbetti Geothermal,,Reykjavik Geothermal [%]; Berkeley Energy [%]; InfraCo Africa [%],,7.1819,38.4371,approximate,,,Shashamane,Oromiya,Sub-Saharan Africa,Africa,L700034,G700052,,,https://gem.wiki/Corbetti_geothermal_power_plant
Ethiopia,Corbetti geothermal power plant,2,,,100,,unknown type,pre-construction,2025,,Corbetti Geothermal,,Reykjavik Geothermal [%]; Berkeley Energy [%]; InfraCo Africa [%],,7.1819,38.4371,approximate,,,Shashamane,Oromiya,Sub-Saharan Africa,Africa,L700034,G700053,,,https://gem.wiki/Corbetti_geothermal_power_plant
Ethiopia,Tendaho geothermal power plant,,,Tendaho Ayrobera,100,,unknown type,announced,,,Ethiopian Electric Power (EEP),,Ethiopian Electric Power (EEP),,11.6925,40.9563,approximate,,,Tendaho,Afar,Sub-Saharan Africa,Africa,L700173,G700284,,,https://gem.wiki/Tendaho_geothermal_power_plant
Ethiopia,Tulu Moye geothermal power plant,1,,,50,,unknown type,construction,2023,,Meridiam,,Meridiam [50%]; Reykjavik Geothermal [50%],,9.7253,39.3522,approximate,,,Moye,Oromiya,Sub-Saharan Africa,Africa,L700181,G700300,,,https://gem.wiki/Tulu_Moye_geothermal_power_plant
Ethiopia,Tulu Moye geothermal power plant,2,,,100,,unknown type,pre-construction,2025,,Meridiam,,Meridiam [50%]; Reykjavik Geothermal [50%],,9.7253,39.3522,approximate,,,Moye,Oromiya,Sub-Saharan Africa,Africa,L700181,G700301,,,https://gem.wiki/Tulu_Moye_geothermal_power_plant
Kenya,Akiira One geothermal power plant,1,,,70,,unknown type,pre-construction,,,Akiira Geothermal Ltd.,,Akiira Geothermal Ltd.,,-0.3024,36.0805,approximate,,,,Nakuru,Sub-Saharan Africa,Africa,L700002,G700004,,,https://gem.wiki/Akiira_One_geothermal_power_plant
Kenya,Akiira One geothermal power plant,2,,,70,,unknown type,pre-construction,,,Akiira Geothermal Ltd.,,Akiira Geothermal Ltd.,,-0.3024,36.0805,approximate,,,,Nakuru,Sub-Saharan Africa,Africa,L700002,G700005,,,https://gem.wiki/Akiira_One_geothermal_power_plant
Kenya,Baringo-Silali geothermal power plant,Korosi,,,100,,unknown type,pre-construction,,,Geothermal Development Company (GDC),,Geothermal Development Company (GDC),,1.1689,36.1726,approximate,,Mount Silali,,Baringo Province,Sub-Saharan Africa,Africa,L700009,G700015,,,https://gem.wiki/Baringo-Silali_geothermal_power_plant
Kenya,Baringo-Silali geothermal power plant,Paka,,,100,,unknown type,pre-construction,,,Geothermal Development Company (GDC),,Geothermal Development Company (GDC),,1.1689,36.1726,approximate,,Mount Silali,,Baringo Province,Sub-Saharan Africa,Africa,L700009,G700014,,,https://gem.wiki/Baringo-Silali_geothermal_power_plant
Kenya,Baringo-Silali geothermal power plant,Silali,,,100,,unknown type,pre-construction,,,Geothermal Development Company (GDC),,Geothermal Development Company (GDC),,1.1689,36.1726,approximate,,Mount Silali,,Baringo Province,Sub-Saharan Africa,Africa,L700009,G700016,,,https://gem.wiki/Baringo-Silali_geothermal_power_plant
Kenya,Menengai 1 geothermal power plant,1,,,35,105,unknown type,operating,2020,,Sosian Energy,,Geothermal Development Company (GDC),,-0.2137,36.0591,exact,,,,Nakuru,Sub-Saharan Africa,Africa,L700103,G700172,,,https://gem.wiki/Menengai_1_geothermal_power_plant
Kenya,Menengai 1 geothermal power plant,2,,,35,105,unknown type,operating,2020,,Quantum East Africa Power Ltd,,Geothermal Development Company (GDC),,-0.2137,36.0591,exact,,,,Nakuru,Sub-Saharan Africa,Africa,L700103,G700173,,,https://gem.wiki/Menengai_1_geothermal_power_plant
Kenya,Menengai 1 geothermal power plant,3,,,35,105,unknown type,operating,2020,,Orpower Twenty Two Limited,,Geothermal Development Company (GDC),,-0.2137,36.0591,exact,,,,Nakuru,Sub-Saharan Africa,Africa,L700103,G700174,,,https://gem.wiki/Menengai_1_geothermal_power_plant
Kenya,Menengai 2 geothermal power plant,future units,,,60,,unknown type,announced,,,Geothermal Development Company (GDC),,Geothermal Development Company (GDC),,-0.196,36.063,exact,,,,Nakuru,Sub-Saharan Africa,Africa,L700104,G700175,,,https://gem.wiki/Menengai_2_geothermal_power_plant
Kenya,Menengai 3 geothermal power plant,future units,,,300,,unknown type,announced,,,Geothermal Development Company (GDC),,Geothermal Development Company (GDC),,-0.196,36.063,approximate,,,,,Sub-Saharan Africa,Africa,L700105,G700176,,,https://gem.wiki/Menengai_3_geothermal_power_plant
Kenya,Olkaria 1 geothermal power plant,4,,,70,268,unknown type,operating,2015,,Kenya Electricity Generating Company PLC (KenGen),,Kenya Electricity Generating Company PLC (KenGen),,-0.891,36.2961,exact,,,,Nakuru,Sub-Saharan Africa,Africa,L700130,G700210,WRI: WRI1061219,,https://gem.wiki/Olkaria_1_geothermal_power_plant
Kenya,Olkaria 1 geothermal power plant,5,,,70,268,unknown type,operating,2015,,Kenya Electricity Generating Company PLC (KenGen),,Kenya Electricity Generating Company PLC (KenGen),,-0.891,36.2961,exact,,,,Nakuru,Sub-Saharan Africa,Africa,L700130,G700211,WRI: WRI1061219,,https://gem.wiki/Olkaria_1_geothermal_power_plant
Kenya,Olkaria 1 geothermal power plant,6,,,83,268,unknown type,operating,2022,,Kenya Electricity Generating Company PLC (KenGen),,Kenya Electricity Generating Company PLC (KenGen),,-0.8893,36.2557,exact,,,,Nakuru,Sub-Saharan Africa,Africa,L700130,G700212,,,https://gem.wiki/Olkaria_1_geothermal_power_plant
Kenya,Olkaria 2 geothermal power plant,1,,,35,105,flash steam - single,operating,2003,,Kenya Electricity Generating Company PLC (KenGen),,Kenya Electricity Generating Company PLC (KenGen),,-0.8644,36.2985,exact,,,,Nakuru,Sub-Saharan Africa,Africa,L700131,G700213,WRI: WRI1061221,,https://gem.wiki/Olkaria_2_geothermal_power_plant
Kenya,Olkaria 2 geothermal power plant,2,,,35,105,flash steam - single,operating,2003,,Kenya Electricity Generating Company PLC (KenGen),,Kenya Electricity Generating Company PLC (KenGen),,-0.8644,36.2985,exact,,,,Nakuru,Sub-Saharan Africa,Africa,L700131,G700214,WRI: WRI1061221,,https://gem.wiki/Olkaria_2_geothermal_power_plant
Kenya,Olkaria 2 geothermal power plant,3,,,35,105,flash steam - single,operating,2010,,Kenya Electricity Generating Company PLC (KenGen),,Kenya Electricity Generating Company PLC (KenGen),,-0.8644,36.2985,exact,,,,Nakuru,Sub-Saharan Africa,Africa,L700131,G700215,WRI: WRI1061221,,https://gem.wiki/Olkaria_2_geothermal_power_plant
Kenya,Olkaria 3 geothermal power plant,1,,,59,150,binary cycle,operating,2000,,"Ormat Technologies, Inc",,"Ormat Technologies, Inc",,-0.889,36.2562,exact,,,,Nakuru,Sub-Saharan Africa,Africa,L700132,G700216,WRI: WRI1061220,,https://gem.wiki/Olkaria_3_geothermal_power_plant
Kenya,Olkaria 3 geothermal power plant,2,,,36,150,binary cycle,operating,2009,,"Ormat Technologies, Inc",,"Ormat Technologies, Inc",,-0.889,36.2562,exact,,,,Nakuru,Sub-Saharan Africa,Africa,L700132,G700217,WRI: WRI1061220,,https://gem.wiki/Olkaria_3_geothermal_power_plant
Kenya,Olkaria 4 geothermal power plant,1,,,70,140,flash steam - single,operating,2014,,Kenya Electricity Generating Company PLC (KenGen),,Kenya Electricity Generating Company PLC (KenGen),,-0.9186,36.3338,exact,,,,Nakuru,Sub-Saharan Africa,Africa,L700133,G700218,WRI: WRI1061217,,https://gem.wiki/Olkaria_4_geothermal_power_plant
Kenya,Olkaria 4 geothermal power plant,2,,,70,140,flash steam - single,operating,2014,,Kenya Electricity Generating Company PLC (KenGen),,Kenya Electricity Generating Company PLC (KenGen),,-0.9186,36.3338,exact,,,,Nakuru,Sub-Saharan Africa,Africa,L700133,G700219,WRI: WRI1061217,,https://gem.wiki/Olkaria_4_geothermal_power_plant
Kenya,Olkaria 5 geothermal power plant,1,,,82,165,flash steam - single,operating,2019,,Kenya Electricity Generating Company PLC (KenGen),,Kenya Electricity Generating Company PLC (KenGen),,-0.907,36.3232,exact,,,,Nakuru,Sub-Saharan Africa,Africa,L700134,G700220,,,https://gem.wiki/Olkaria_5_geothermal_power_plant
Kenya,Olkaria 5 geothermal power plant,2,,,82,165,flash steam - single,operating,2019,,Kenya Electricity Generating Company PLC (KenGen),,Kenya Electricity Generating Company PLC (KenGen),,-0.907,36.3232,exact,,,,Nakuru,Sub-Saharan Africa,Africa,L700134,G700221,,,https://gem.wiki/Olkaria_5_geothermal_power_plant
Kenya,Olkaria 6 geothermal power plant,1,,,140,,unknown type,pre-construction,,,Kenya Electricity Generating Company PLC (KenGen),,Kenya Electricity Generating Company PLC (KenGen),,-0.8644,36.2985,approximate,,Sulmac Village,,Nakuru,Sub-Saharan Africa,Africa,L700135,G700222,,,https://gem.wiki/Olkaria_6_geothermal_power_plant
Kenya,Olkaria 6 geothermal power plant,Future Units,,,420,,unknown type,announced,,,Kenya Electricity Generating Company PLC (KenGen),,Kenya Electricity Generating Company PLC (KenGen),,-0.8644,36.2985,approximate,,Sulmac Village,,Nakuru,Sub-Saharan Africa,Africa,L700135,G700223,,,https://gem.wiki/Olkaria_6_geothermal_power_plant
Kenya,Sosian Highland geothermal power plant,1,,,50,,unknown type,pre-construction,,,Sosian Energy,,Sosian Energy,,0.3009,36.6878,approximate,,,,Thome,Sub-Saharan Africa,Africa,L700161,G700266,,,https://gem.wiki/Sosian_Highland_geothermal_power_plant
Kenya,Suswa geothermal power plant,1,,,100,,unknown type,pre-construction,,,Geothermal Development Company (GDC),,Geothermal Development Company (GDC),,-1.1727,36.3471,approximate,,Mount Suswa,,Olesharo,Sub-Saharan Africa,Africa,L700167,G700273,,,https://gem.wiki/Suswa_geothermal_power_plant
Kenya,Suswa geothermal power plant,2,,,100,,unknown type,pre-construction,,,Geothermal Development Company (GDC),,Geothermal Development Company (GDC),,-1.1727,36.3471,approximate,,Mount Suswa,,Olesharo,Sub-Saharan Africa,Africa,L700167,G700274,,,https://gem.wiki/Suswa_geothermal_power_plant
Kenya,Suswa geothermal power plant,3,,,100,,unknown type,pre-construction,,,Geothermal Development Company (GDC),,Geothermal Development Company (GDC),,-1.1727,36.3471,approximate,,Mount Suswa,,Olesharo,Sub-Saharan Africa,Africa,L700167,G700275,,,https://gem.wiki/Suswa_geothermal_power_plant
Uganda,Buranga geothermal power plant,,,,100,,unknown type,announced,2025,,Gids Consult Ltd,,Gids Consult Ltd,,0.8332,30.1664,approximate,,,,Mongiro,Sub-Saharan Africa,Africa,L700021,G700031,,,https://gem.wiki/Buranga_geothermal_power_plant
Uganda,Katwe geothermal power plant,,,Katwe-Kikorongo,150,,unknown type,cancelled,,,"AAE Systems, Inc.",,"AAE Systems, Inc.",,-0.0804,29.9193,approximate,,,Kasese,Kampala,Sub-Saharan Africa,Africa,L700076,G700127,,,https://gem.wiki/Katwe_geothermal_power_plant
Bolivia,Laguna Colorada geothermal power plant,1,Central geotérmica Laguna Colorada,,50,,unknown type,construction,2023,,Empresa Nacional de Electricidad S.A. (ENDE),,Empresa Nacional de Electricidad S.A. (ENDE),,-22.4429,-67.806,approximate,,,Sud Lípez,Potosí,Latin America and the Caribbean,Americas,L700084,G700137,,,https://gem.wiki/Laguna_Colorada_geothermal_power_plant
Bolivia,Laguna Colorada geothermal power plant,2,Central geotérmica Laguna Colorada,,50,,unknown type,construction,2023,,Empresa Nacional de Electricidad S.A. (ENDE),,Empresa Nacional de Electricidad S.A. (ENDE),,-22.4429,-67.806,approximate,,,Sud Lípez,Potosí,Latin America and the Caribbean,Americas,L700084,G700138,,,https://gem.wiki/Laguna_Colorada_geothermal_power_plant
Chile,Cerro Pabellón geothermal power plant,3,Central geotérmica Cerro Pabellón,,33,81,binary cycle,operating,2021,,Geotérmica Del Norte (GDN),,Empresa Nacional Del Petróleo (ENAP) [50%]; Enel Green Power Chile [50%],,-21.8576,-68.1515,exact,Ollagüe,Provincia de El Loa,,Antofagasta Region,Latin America and the Caribbean,Americas,L700026,G700037,,,https://gem.wiki/Cerro_Pabellón_geothermal_power_plant
Chile,Mariposa geothermal power plant,1,Central geotérmica Mariposa,Calabozo geothermal power plant,50,240,unknown type,pre-construction,2024,,Energy Development Corporation (EDC) - Chile,,Energy Development Corporation (EDC) - Chile,,-35.5404,-71.4849,approximate,,San Celemente,Talca,Maule,Latin America and the Caribbean,Americas,L700096,G700163,,,https://gem.wiki/Mariposa_geothermal_power_plant
Chile,Mariposa geothermal power plant,2,Central geotérmica Mariposa,Calabozo geothermal power plant,50,240,unknown type,pre-construction,2024,,Energy Development Corporation (EDC) - Chile,,Energy Development Corporation (EDC) - Chile,,-35.5404,-71.4849,approximate,,San Celemente,Talca,Maule,Latin America and the Caribbean,Americas,L700096,G700164,,,https://gem.wiki/Mariposa_geothermal_power_plant
Costa Rica,Borinquen geothermal power project,1,Central geotérmica Borinquen,,55,,unknown type,announced,2027,,Costa Rican Electricity Institute (ICE),,Costa Rican Electricity Institute (ICE),,10.6344,-85.4397,approximate,,,Liberia,Guanacaste,Latin America and the Caribbean,Americas,L700018,G700027,,,https://gem.wiki/Borinquen_geothermal_power_project
Costa Rica,Borinquen geothermal power project,2,Central geotérmica Borinquen,,55,,unknown type,announced,,,Costa Rican Electricity Institute (ICE),,Costa Rican Electricity Institute (ICE),,10.6344,-85.4397,approximate,,,Liberia,Guanacaste,Latin America and the Caribbean,Americas,L700018,G700028,,,https://gem.wiki/Borinquen_geothermal_power_project
Costa Rica,Las Pailas geothermal power plant,1,Planta geotérmica Las Pailas,,35,90,unknown type,operating,2011,,Costa Rican Electricity Institute (ICE),,Costa Rican Electricity Institute (ICE),,10.7573,-85.3596,exact,,Cantón Liberia,,,Latin America and the Caribbean,Americas,L700086,G700141,WRI: GEODB0043643,,https://gem.wiki/Las_Pailas_geothermal_power_plant
Costa Rica,Las Pailas geothermal power plant,2,Planta geotérmica Las Pailas,,55,90,unknown type,operating,2019,,Costa Rican Electricity Institute (ICE),,Costa Rican Electricity Institute (ICE),,10.758,-85.3464,exact,Liberia,Cantón Liberia,,,Latin America and the Caribbean,Americas,L700086,G700140,,,https://gem.wiki/Las_Pailas_geothermal_power_plant
Costa Rica,Miravalles geothermal power plant,1,Planta geotérmica Miravalles,,55,163,flash steam - single,operating,1994,,Costa Rican Electricity Institute (ICE),,Costa Rican Electricity Institute (ICE),,10.7002,-85.1944,exact,,Cantón Bagaces,,,Latin America and the Caribbean,Americas,L700107,G700180,WRI: GEODB0004310,,https://gem.wiki/Miravalles_geothermal_power_plant
Costa Rica,Miravalles geothermal power plant,2,Planta geotérmica Miravalles,,55,163,flash steam - single,operating,1998,,Costa Rican Electricity Institute (ICE),,Costa Rican Electricity Institute (ICE),,10.7002,-85.1944,exact,,Cantón Bagaces,,,Latin America and the Caribbean,Americas,L700107,G700181,WRI: GEODB0004310,,https://gem.wiki/Miravalles_geothermal_power_plant
Ecuador,Chachimbiro geothermal power plant,,Proyecto geotérmico Chachimbiro,,50,,unknown type,construction,2026,,CELEC EP,,CELEC EP,,0.4599,-78.2364,approximate,,,Imbabura,Urcuquí,Latin America and the Caribbean,Americas,L700031,G700049,,,https://gem.wiki/Chachimbiro_geothermal_power_plant
El Salvador,Ahuachapán geothermal power plant,1,Central geotérmica Ahuachapán,,30,95,flash steam - single,operating,1975,,LaGeo,,LaGeo,,13.9202,-89.8174,exact,Ahuachapan,Municipio de Ahuachapán,,Departamento de Ahuachapán,Latin America and the Caribbean,Americas,L700001,G700001,WRI: GEODB0043615,,https://gem.wiki/Ahuachapán_geothermal_power_plant
El Salvador,Ahuachapán geothermal power plant,2,Central geotérmica Ahuachapán,,30,95,flash steam - single,operating,1976,,LaGeo,,LaGeo,,13.9202,-89.8174,exact,Ahuachapan,Municipio de Ahuachapán,,Departamento de Ahuachapán,Latin America and the Caribbean,Americas,L700001,G700002,WRI: GEODB0043615,,https://gem.wiki/Ahuachapán_geothermal_power_plant
El Salvador,Ahuachapán geothermal power plant,3,Central geotérmica Ahuachapán,,35,95,flash steam - single,operating,1980,,LaGeo,,LaGeo,,13.9202,-89.8174,exact,Ahuachapan,Municipio de Ahuachapán,,Departamento de Ahuachapán,Latin America and the Caribbean,Americas,L700001,G700003,WRI: GEODB0043615,,https://gem.wiki/Ahuachapán_geothermal_power_plant
El Salvador,Berlín geothermal power plant,,Central geotérmica Berlín,,40,115,flash steam - single,operating,2007,,LaGeo,,LaGeo,,13.5248,-88.5073,exact,Berlín,,,Departamento de Usulután,Latin America and the Caribbean,Americas,L700010,G700017,WRI: GEODB0043616,,https://gem.wiki/Berlín_geothermal_power_plant
El Salvador,Chinameca geothermal power plant,,Central geotérmica Chinameca,,30,,unknown type,announced,,,LaGeo,,LaGeo,,13.513,-88.3493,approximate,,,Chinameca,San Miguel,Latin America and the Caribbean,Americas,L700032,G700050,,,https://gem.wiki/Chinameca_geothermal_power_plant
El Salvador,San Vicente geothermal power plant,,Central geotérmica San Vicente,,30,,unknown type,announced,,,LaGeo,,LaGeo,,13.6419,-88.7825,approximate,,,San Vicente,San Vicente,Latin America and the Caribbean,Americas,L700155,G700254,,,https://gem.wiki/San_Vicente_geothermal_power_plant
El Salvador,Volcán de Conchagua geothermal power plant,,Central geotérmica Volcán de Conchagua,,30,,unknown type,announced,,,LaGeo,,LaGeo,,13.2753,-87.8462,approximate,,,Conchagua,La Union,Latin America and the Caribbean,Americas,L700187,G700312,,,https://gem.wiki/Volcán_de_Conchagua_geothermal_power_plant
Guadeloupe,Bouillante geothermal power plant,3,Centrale géothermique de Bouillante,,30,15,flash steam - double,announced,,,"Ormat Technologies, Inc",,"Ormat Technologies, Inc",,16.1274,-61.769,exact,,,,Guadeloupe,Latin America and the Caribbean,Americas,L700020,G700030,,,https://gem.wiki/Bouillante_geothermal_power_plant
Honduras,Platanares geothermal power plant,,Central geotérmica Platanares,,35,35,binary cycle,operating,2017,,"Ormat Technologies, Inc",,"Ormat Technologies, Inc",,14.7471,-88.9518,exact,,,,Copán,Latin America and the Caribbean,Americas,L700140,G700233,WRI: WRI1029382,,https://gem.wiki/Platanares_geothermal_power_plant
Mexico,Cerro Prieto 1 geothermal power plant,1,Central geotérmica Cerro Prieto 1,,38,180,flash steam - single,operating,1973,,Federal Electricity Commission (CFE),Comisión Federal de Electricidad (CFE),Federal Electricity Commission (CFE),Comisión Federal de Electricidad (CFE),32.3985,-115.2379,exact,,Municipio de Mexicali,,Baja California,Latin America and the Caribbean,Americas,L700027,G700038,WRI: MEX0006611,,https://gem.wiki/Cerro_Prieto_1_geothermal_power_plant
Mexico,Cerro Prieto 1 geothermal power plant,2,Central geotérmica Cerro Prieto 1,,38,180,flash steam - single,operating,1973,,Federal Electricity Commission (CFE),Comisión Federal de Electricidad (CFE),Federal Electricity Commission (CFE),Comisión Federal de Electricidad (CFE),32.3985,-115.2379,exact,,Municipio de Mexicali,,Baja California,Latin America and the Caribbean,Americas,L700027,G700039,WRI: MEX0006611,,https://gem.wiki/Cerro_Prieto_1_geothermal_power_plant
Mexico,Cerro Prieto 1 geothermal power plant,3,Central geotérmica Cerro Prieto 1,,38,180,flash steam - single,operating,1979,,Federal Electricity Commission (CFE),Comisión Federal de Electricidad (CFE),Federal Electricity Commission (CFE),Comisión Federal de Electricidad (CFE),32.3985,-115.2379,exact,,Municipio de Mexicali,,Baja California,Latin America and the Caribbean,Americas,L700027,G700040,WRI: MEX0006611,,https://gem.wiki/Cerro_Prieto_1_geothermal_power_plant
Mexico,Cerro Prieto 1 geothermal power plant,4,Central geotérmica Cerro Prieto 1,,38,180,flash steam - single,operating,1979,,Federal Electricity Commission (CFE),Comisión Federal de Electricidad (CFE),Federal Electricity Commission (CFE),Comisión Federal de Electricidad (CFE),32.3985,-115.2379,exact,,Municipio de Mexicali,,Baja California,Latin America and the Caribbean,Americas,L700027,G700041,WRI: MEX0006611,,https://gem.wiki/Cerro_Prieto_1_geothermal_power_plant
Mexico,Cerro Prieto 1 geothermal power plant,5,Central geotérmica Cerro Prieto 1,,30,180,flash steam - single,operating,1982,,Federal Electricity Commission (CFE),Comisión Federal de Electricidad (CFE),Federal Electricity Commission (CFE),Comisión Federal de Electricidad (CFE),32.3985,-115.2379,exact,,Municipio de Mexicali,,Baja California,Latin America and the Caribbean,Americas,L700027,G700042,WRI: MEX0006611,,https://gem.wiki/Cerro_Prieto_1_geothermal_power_plant
Mexico,Cerro Prieto 2 geothermal power plant,6,Central geotérmica Cerro Prieto 2,,110,220,flash steam - double,operating,1986,,Federal Electricity Commission (CFE),Comisión Federal de Electricidad (CFE),Federal Electricity Commission (CFE),Comisión Federal de Electricidad (CFE),32.4047,-115.2113,exact,,Municipio de Mexicali,,Baja California,Latin America and the Caribbean,Americas,L700028,G700043,WRI: MEX0001868,,https://gem.wiki/Cerro_Prieto_2_geothermal_power_plant
Mexico,Cerro Prieto 2 geothermal power plant,7,Central geotérmica Cerro Prieto 2,,110,220,flash steam - double,operating,1987,,Federal Electricity Commission (CFE),Comisión Federal de Electricidad (CFE),Federal Electricity Commission (CFE),Comisión Federal de Electricidad (CFE),32.4047,-115.2113,exact,,Municipio de Mexicali,,Baja California,Latin America and the Caribbean,Americas,L700028,G700044,WRI: MEX0001868,,https://gem.wiki/Cerro_Prieto_2_geothermal_power_plant
Mexico,Cerro Prieto 3 geothermal power plant,8,Central geotérmica Cerro Prieto 3,,110,220,flash steam - double,operating,1986,,Federal Electricity Commission (CFE),Comisión Federal de Electricidad (CFE),Federal Electricity Commission (CFE),Comisión Federal de Electricidad (CFE),32.4126,-115.2433,exact,,Municipio de Mexicali,,Baja California,Latin America and the Caribbean,Americas,L700029,G700045,WRI: MEX0001868,,https://gem.wiki/Cerro_Prieto_3_geothermal_power_plant
Mexico,Cerro Prieto 3 geothermal power plant,9,Central geotérmica Cerro Prieto 3,,110,220,flash steam - double,operating,1987,,Federal Electricity Commission (CFE),Comisión Federal de Electricidad (CFE),Federal Electricity Commission (CFE),Comisión Federal de Electricidad (CFE),32.4126,-115.2433,exact,,Municipio de Mexicali,,Baja California,Latin America and the Caribbean,Americas,L700029,G700046,WRI: MEX0001868,,https://gem.wiki/Cerro_Prieto_3_geothermal_power_plant
Mexico,Cerro Prieto 5 geothermal power plant,10,Central geotérmica Cerro Prieto 5,,50,100,flash steam - double,operating,2012,,Federal Electricity Commission (CFE),Comisión Federal de Electricidad (CFE),Federal Electricity Commission (CFE),Comisión Federal de Electricidad (CFE),32.4227,-115.2205,approximate,,,Ejido Hidalgo,Baja California,Latin America and the Caribbean,Americas,L700030,G700047,,,https://gem.wiki/Cerro_Prieto_5_geothermal_power_plant
Mexico,Cerro Prieto 5 geothermal power plant,11,Central geotérmica Cerro Prieto 5,,50,100,flash steam - double,operating,2012,,Federal Electricity Commission (CFE),Comisión Federal de Electricidad (CFE),Federal Electricity Commission (CFE),Comisión Federal de Electricidad (CFE),32.4227,-115.2205,approximate,,,Ejido Hidalgo,Baja California,Latin America and the Caribbean,Americas,L700030,G700048,,,https://gem.wiki/Cerro_Prieto_5_geothermal_power_plant
Mexico,Los Azufres geothermal power plant,17,Central geotérmica Los Azufres 3,Phase 1,50,242,flash steam - single,operating,2015,,Federal Electricity Commission (CFE),Comisión Federal de Electricidad (CFE),Federal Electricity Commission (CFE),Comisión Federal de Electricidad (CFE),19.7901,-100.6668,exact,,Hidalgo,,Michoacán,Latin America and the Caribbean,Americas,L700089,G700145,,,https://gem.wiki/Los_Azufres_geothermal_power_plant
Nicaragua,Casita - San Cristóbal geothermal power plant,,Central geotérmica Casita - San Cristóbal,Casita geothermal project,35,,unknown type,pre-construction,,,Nicaraguan Electricity Company (ENEL),,Nicaraguan Electricity Company (ENEL) [50%]; Polaris Energy Nicaragua [50%],,12.7231,-87.0836,approximate,,,San Cristóbal,Chinadega,Latin America and the Caribbean,Americas,L700024,G700035,,,https://gem.wiki/Casita_-_San_Cristóbal_geothermal_power_plant
Nicaragua,Momotombo geothermal power plant,1,Central geotérmica Momotombo,,35,70,flash steam - single,operating,1983,,DISNORTE - DISSUR,,DISNORTE - DISSUR,,12.394,-86.5418,exact,,,,Leon,Latin America and the Caribbean,Americas,L700110,G700185,WRI: GEODB0043595,,https://gem.wiki/Momotombo_geothermal_power_plant
Nicaragua,Momotombo geothermal power plant,2,Central geotérmica Momotombo,,35,70,flash steam - single,operating,1989,,DISNORTE - DISSUR,,DISNORTE - DISSUR,,12.394,-86.5418,exact,,,,Leon,Latin America and the Caribbean,Americas,L700110,G700184,WRI: GEODB0043595,,https://gem.wiki/Momotombo_geothermal_power_plant
Nicaragua,San Jacinto - Tizate geothermal power plant,1,Central geotérmica San Jacinto - Tizate,,36,72,flash steam - single,operating,2013,,Polaris Energy Nicaragua,,Polaris Energy Nicaragua,,12.6088,-86.773,exact,,,,Leon,Latin America and the Caribbean,Americas,L700154,G700252,WRI: GEODB0043607,,https://gem.wiki/San_Jacinto_-_Tizate_geothermal_power_plant
Nicaragua,San Jacinto - Tizate geothermal power plant,2,Central geotérmica San Jacinto - Tizate,,36,72,flash steam - single,operating,2013,,Polaris Energy Nicaragua,,Polaris Energy Nicaragua,,12.6088,-86.773,exact,,,,Leon,Latin America and the Caribbean,Americas,L700154,G700253,WRI: GEODB0043607,,https://gem.wiki/San_Jacinto_-_Tizate_geothermal_power_plant
Peru,Cabanaconde geothermal power plant,,Central geotérmica Cabanaconde,,100,,unknown type,pre-construction,2027,,Energy Development Corporation (EDC) - Peru,,Energy Development Corporation (EDC) - Peru,,-15.622,-71.9798,approximate,,Cabanaconde,Caylloma,Arequipa,Latin America and the Caribbean,Americas,L700022,G700032,,,https://gem.wiki/Cabanaconde_geothermal_power_plant
Canada,Estevan geothermal power plant,1,,,35,,binary cycle,pre-construction,2025,,DEEP Earth Energy Production Corp. (DEEP),,DEEP Earth Energy Production Corp. (DEEP),,49.139,-102.9849,approximate,,,Estevan,Saskatchewan,Northern America,Americas,L700050,G700075,,,https://gem.wiki/Estevan_geothermal_power_plant
Canada,Estevan geothermal power plant,2,,,35,,unknown type,announced,,,DEEP Earth Energy Production Corp. (DEEP),,DEEP Earth Energy Production Corp. (DEEP),,49.139,-102.9849,approximate,,,Estevan,Saskatchewan,Northern America,Americas,L700050,G700076,,,https://gem.wiki/Estevan_geothermal_power_plant
Canada,Estevan geothermal power plant,3,,,35,,unknown type,announced,,,DEEP Earth Energy Production Corp. (DEEP),,DEEP Earth Energy Production Corp. (DEEP),,49.139,-102.9849,approximate,,,Estevan,Saskatchewan,Northern America,Americas,L700050,G700077,,,https://gem.wiki/Estevan_geothermal_power_plant
Canada,Estevan geothermal power plant,4,,,35,,unknown type,announced,,,DEEP Earth Energy Production Corp. (DEEP),,DEEP Earth Energy Production Corp. (DEEP),,49.139,-102.9849,approximate,,,Estevan,Saskatchewan,Northern America,Americas,L700050,G700078,,,https://gem.wiki/Estevan_geothermal_power_plant
Canada,Meager Creek geothermal power plant,future units,,,100,,unknown type,announced,2025,,Meager Creek Development Corporation,,Meager Creek Development Corporation,,50.5754,-123.4646,approximate,,,Pemberton,British Columbia,Northern America,Americas,L700101,G700170,,,https://gem.wiki/Meager_Creek_geothermal_power_plant
United States,Big Geysers geothermal plant,,,Geysers geothermal plant U13,138,138,dry steam,operating,1980,,Geysers Power Co LLC,,Calpine Corporation,,38.777,-122.745,exact,,Sonoma County,,California,Northern America,Americas,L700011,G700018,"WRI: USA0000286, EIA : 286",,https://gem.wiki/Big_Geysers_geothermal_plant
United States,Blue Mountain geothermal plant,,,Faulkner I,50,50,binary cycle,operating,2010,,,,AltaRock Energy,,40.9952,-118.142,exact,,Humboldt County,,Nevada,Northern America,Americas,L700015,G700024,WRI: USA0056982,,https://gem.wiki/Blue_Mountain_geothermal_plant
United States,Blundell 1 geothermal plant,,,,31,31,flash steam - unknown,operating,1984,,PacifiCorp,,PacifiCorp,,38.4889,-112.8533,exact,,Beaver County,,Utah,Northern America,Americas,L700016,G700025,"WRI: USA0000299, EIA : 299",,https://gem.wiki/Blundell_1_geothermal_plant
United States,Blundell 3 geothermal plant,,,,30,,unknown type,cancelled,,,PacifiCorp,,PacifiCorp,,38.4889,-112.8533,exact,,Beaver County,,Utah,Northern America,Americas,L700017,G700026,EIA : 299,,https://gem.wiki/Blundell_3_geothermal_plant
United States,Bottle Rock Power geothermal plant,,,,55,55,flash steam - single,operating,1985,,Bottle Rock Power LLC,,Baseload Clean Energy Partners,,38.8348,-122.7677,exact,,Lake County,,California,Northern America,Americas,L700019,G700029,"WRI: USA0000902, EIA : 902",,https://gem.wiki/Bottle_Rock_Power_geothermal_plant
United States,CE Leathers geothermal plant,1,,Leathers geothermal facility,46,46,flash steam - double,operating,1989,,CalEnergy Operating Corporation,,CE Generation,,33.1779,-115.565,exact,,Imperial County,,California,Northern America,Americas,L700025,G700036,"WRI: USA0010631, EIA : 10631",,https://gem.wiki/CE_Leathers_geothermal_plant
United States,Calistoga geothermal plant,1,,,88,176,dry steam,operating,1984,,Geysers Power Co LLC,,Geysers Power Co LLC,,38.7879,-122.7434,exact,,Lake County,,California,Northern America,Americas,L700023,G700034,"WRI: USA0050066, EIA : 50066",,https://gem.wiki/Calistoga_geothermal_plant
United States,Calistoga geothermal plant,2,,Geysers geothermal plant U19,88,176,dry steam,operating,1984,,Geysers Power Co LLC,,Geysers Power Co LLC,,38.7894,-122.7455,exact,,Lake County,,California,Northern America,Americas,L700023,G700033,,,https://gem.wiki/Calistoga_geothermal_plant
United States,Cobb Creek geothermal plant,,,Geysers geothermal plant U12,110,110,dry steam,operating,1979,,Geysers Power Co LLC,,Calpine Corporation,,38.777,-122.745,exact,,Sonoma County,,California,Northern America,Americas,L700033,G700051,"WRI: USA0000286, EIA : 286",,https://gem.wiki/Cobb_Creek_geothermal_plant
United States,Coso BLM geothermal plant,,,,90,90,flash steam - double,operating,1987,,Coso Operating Co LLC,,Atlantica Sustainable Infrastructure,,36.0372,-117.7981,exact,,Inyo County,,California,Northern America,Americas,L700035,G700054,"WRI: USA0010875, EIA : 10873",,https://gem.wiki/Coso_BLM_geothermal_plant
United States,Crump Geyser geothermal plant,,,,30,,unknown type,cancelled,,,,,Ormat Nevada Inc; Nevada Geothermal Power Company,,42.1774,-119.8986,approximate,Adel,,,Oregon,Northern America,Americas,L700036,G700055,,,https://gem.wiki/Crump_Geyser_geothermal_plant
United States,Del Ranch geothermal project,GEN1,,A W Hoch geothermal plant,46,46,flash steam - double,operating,1988,,CalEnergy Operating Corporation,,CE Generation,,33.1646,-115.616,exact,,Imperial County,,California,Northern America,Americas,L700039,G700060,"WRI: USA0010632, EIA : 10632",,https://gem.wiki/Del_Ranch_geothermal_project
United States,Dixie Meadows 1 Geothermal Development Project,,,,30,,binary cycle,pre-construction,,,,,"Ormat Technologies, Inc",,39.7905,-118.0812,exact,,Churchill County,Churchill,Nevada,Northern America,Americas,L700041,G700065,,,https://gem.wiki/Dixie_Meadows_1_Geothermal_Development_Project
United States,Dixie Meadows 2 Geothermal Development Project,,,,30,,binary cycle,pre-construction,,,,,"Ormat Technologies, Inc",,39.7905,-118.0812,exact,,Churchill County,Churchill,Nevada,Northern America,Americas,L700042,G700066,,,https://gem.wiki/Dixie_Meadows_2_Geothermal_Development_Project
United States,Eagle Rock geothermal plant,,,Geysers geothermal plant U11,110,110,dry steam,operating,1975,,Geysers Power Co LLC,,Calpine Corporation,,38.777,-122.745,exact,,Sonoma County,,California,Northern America,Americas,L700044,G700068,"WRI: USA0000286, EIA : 286",,https://gem.wiki/Eagle_Rock_geothermal_plant
United States,East Brawley geothermal plant,,,,50,,unknown type,announced,,,,,Nevada Geothermal Power Company,,33.0172,-115.5108,exact,Brawley,Imperial County,,California,Northern America,Americas,L700045,G700069,,,https://gem.wiki/East_Brawley_geothermal_plant
United States,Elmore geothermal project,,,J J Elmore geothermal plant,46,46,flash steam - double,operating,1988,,CalEnergy Operating Corporation,,CE Generation,,33.1777,-115.6033,exact,,Imperial County,,California,Northern America,Americas,L700049,G700074,"WRI: USA0010634, EIA : 10634",,https://gem.wiki/Elmore_geothermal_project
United States,Four Mile Hill geothermal plant,,,,50,50,unknown type,announced,,,,,Calpine Corporation,,41.6014,-121.625,exact,,Siskiyou County,,California,Northern America,Americas,L700052,G700080,,,https://gem.wiki/Four_Mile_Hill_geothermal_plant
United States,Fourmile Hill geothermal project,1,,,50,,unknown type,cancelled,,,Calpine Corporation,,,,41.5633,-121.5708,exact,,Siskiyou County,,California,Northern America,Americas,L700053,G700081,EIA : 55846,,https://gem.wiki/Fourmile_Hill_geothermal_project
United States,Fumarole geothermal plant,1,,Geysers geothermal plant U10,55,,dry steam,retired,1973,2006,Geysers Power Co LLC,,Calpine Corporation,,38.777,-122.745,exact,,Sonoma County,,California,Northern America,Americas,L700054,G700082,EIA : 286,,https://gem.wiki/Fumarole_geothermal_plant
United States,Fumarole geothermal plant,2,,Geysers geothermal plant U9,110,,dry steam,retired,1973,2006,Geysers Power Co LLC,,Calpine Corporation,,38.777,-122.745,exact,,Sonoma County,,California,Northern America,Americas,L700054,G700083,EIA : 286,,https://gem.wiki/Fumarole_geothermal_plant
United States,Galena 1 geothermal plant,,,Richard Burdette goethermal plant,30,30,binary cycle,operating,2006,,,,"Ormat Technologies, Inc",,39.3908,-119.7546,exact,,Washoe County,,Nevada,Northern America,Americas,L700055,G700084,WRI: USA0056321,,https://gem.wiki/Galena_1_geothermal_plant
United States,Grant geothermal plant,,,Geysers geothermal plant U20,118,118,dry steam,operating,1985,,Geysers Power Co LLC,,Calpine Corporation,,38.777,-122.745,exact,,Sonoma County,,California,Northern America,Americas,L700056,G700085,"WRI: USA0000286, EIA : 286",,https://gem.wiki/Grant_geothermal_plant
United States,Hawthorne Army Depot geothermal plant,,,,30,,unknown type,pre-construction,,,,,,,38.4815,-118.4983,approximate,,,Mineral County,Nevada,Northern America,Americas,L700061,G700096,,,https://gem.wiki/Hawthorne_Army_Depot_geothermal_plant
United States,Heber 1 Geothermal,,,,52,52,binary cycle,operating,1985,,"ORCAL Geothermal, Inc",,Ormat Nevada Inc,,32.7146,-115.518,exact,,Imperial County,,California,Northern America,Americas,L700062,G700097,"WRI: USA0054689, EIA : 54689",,https://gem.wiki/Heber_1_Geothermal
United States,Heber 2 geothermal plant,,,Second Imperial geothermal plant,48,48,binary cycle,operating,1993,,,,Ormat Nevada Inc,,32.73,-115.5257,approximate,Heber,,,California,Northern America,Americas,L700063,G700098,WRI: USA0054111,,https://gem.wiki/Heber_2_geothermal_plant
United States,Hell's Kitchen geothermal plant,1,,,50,50,flash steam - single,operating,2023,,,,Controlled Thermal Resource,,33.3126,-115.7815,approximate,,Salton Sea,,California,Northern America,Americas,L700064,G700100,,,https://gem.wiki/Hell's_Kitchen_geothermal_plant
United States,Hell's Kitchen geothermal plant,Future Units,,,90,50,flash steam - triple,pre-construction,,,,,Controlled Thermal Resource,,33.3126,-115.7815,approximate,,Salton Sea,,California,Northern America,Americas,L700064,G700099,,,https://gem.wiki/Hell's_Kitchen_geothermal_plant
United States,Imperial Valley geothermal plant,G303,,,70,,unknown type,shelved,,,CE Obsidian Energy LLC,,,,33.1594,-115.6144,exact,,Imperial County,,California,Northern America,Americas,L700068,G700111,EIA : 57479,,https://gem.wiki/Imperial_Valley_geothermal_plant
United States,Imperial Valley geothermal plant,G3201,,,70,,unknown type,shelved,,,CE Obsidian Energy LLC,,,,33.1594,-115.6144,exact,,Imperial County,,California,Northern America,Americas,L700068,G700112,EIA : 57477,,https://gem.wiki/Imperial_Valley_geothermal_plant
United States,Imperial Valley geothermal plant,G3202,,,70,,unknown type,shelved,,,CE Obsidian Energy LLC,,,,33.1594,-115.6144,exact,,Imperial County,,California,Northern America,Americas,L700068,G700113,EIA : 57478,,https://gem.wiki/Imperial_Valley_geothermal_plant
United States,John L. Featherstone geothermal plant,HR1,,Hudson Ranch 1 Geothermal plant,55,55,flash steam - triple,operating,2012,,Hudson Ranch Power I LLC,,EnergySource,,33.2046,-115.5733,exact,,Imperial County,,California,Northern America,Americas,L700069,G700115,"WRI: USA0057475, EIA : 57475",,https://gem.wiki/John_L._Featherstone_geothermal_plant
United States,John L. Featherstone geothermal plant,HR2,,Hudson Ranch 2 Geothermal plant,55,,unknown type,cancelled,,,Hudson Ranch Power I LLC,,,,33.2044,-115.5567,exact,,Imperial County,,California,Northern America,Americas,L700069,G700114,EIA : 58211,,https://gem.wiki/John_L._Featherstone_geothermal_plant
United States,Lake View geothermal plant,,,Geysers geothermal plant U17,118,118,dry steam,operating,1982,,Geysers Power Co LLC,,Calpine Corporation,,38.777,-122.745,exact,,Sonoma County,,California,Northern America,Americas,L700085,G700139,"WRI: USA0000286, EIA : 286",,https://gem.wiki/Lake_View_geothermal_plant
United States,McCabe geothermal plant,,,Geysers geothermal plant U5 & U6,110,110,dry steam,operating,1971,,Geysers Power Co LLC,,Calpine Corporation,,38.777,-122.745,exact,,Sonoma County,,California,Northern America,Americas,L700098,G700166,"WRI: USA0000286, EIA : 286",,https://gem.wiki/McCabe_geothermal_plant
United States,McGinness Hills 3 geothermal plant,1,,,48,70,binary cycle,operating,2018,,,,"Ormat Technologies, Inc",,39.5912,-116.9121,approximate,,,,,Northern America,Americas,L700099,G700167,WRI: USA0061912,,https://gem.wiki/McGinness_Hills_3_geothermal_plant
United States,McGinness Hills geothermal plant,1,,,45,100,binary cycle,operating,2012,,Ormat Nevada Inc,,"Ormat Technologies, Inc",,39.5963,-116.8942,exact,,Lander County,,Nevada,Northern America,Americas,L700100,G700168,"WRI: USA0057446, EIA : 61912",,https://gem.wiki/McGinness_Hills_geothermal_plant
United States,McGinness Hills geothermal plant,2,,,45,100,binary cycle,operating,2012,,Ormat Nevada Inc,,"Ormat Technologies, Inc",,39.5963,-116.8942,exact,,Lander County,,Nevada,Northern America,Americas,L700100,G700169,"WRI: USA0057446, EIA : 61912",,https://gem.wiki/McGinness_Hills_geothermal_plant
United States,NCPA geothermal plant,1,,,55,55,dry steam,operating,1983,,Northern California Power Agny,,,,38.752,-122.7195,exact,,Lake County,,California,Northern America,Americas,L700118,G700194,"WRI: USA0007368, EIA : 7368",,https://gem.wiki/NCPA_geothermal_plant
United States,NCPA geothermal plant,2,,,55,55,dry steam,mothballed,1985,,Northern California Power Agny,,,,38.7492,-122.7117,exact,,Lake County,,California,Northern America,Americas,L700118,G700195,"WRI: USA0007369, EIA : 7369",,https://gem.wiki/NCPA_geothermal_plant
United States,Navy 1 geothermal plant,,,,90,90,flash steam - double,operating,1988,,Coso Operating Co LLC,,Atlantica Sustainable Infrastructure,,36.0019,-117.7886,exact,,Inyo County,,California,Northern America,Americas,L700116,G700192,"WRI: USA0010875, EIA : 10875",,https://gem.wiki/Navy_1_geothermal_plant
United States,Navy 2 geothermal plant,,,,90,90,flash steam - double,operating,1989,,Coso Operating Co LLC,,Atlantica Sustainable Infrastructure,,36.0192,-117.7917,exact,,Inyo County,,California,Northern America,Americas,L700117,G700193,"WRI: USA0010875, EIA : 10874",,https://gem.wiki/Navy_2_geothermal_plant
United States,New York Canyon geothermal plant,,,,70,,unknown type,announced,,,,,TGP Dixie Development Company,,40.1847,-118.4738,approximate,Lovelock,Pershing,,Nevada,Northern America,Americas,L700120,G700200,,,https://gem.wiki/New_York_Canyon_geothermal_plant
United States,North Valley geothermal plant,OEC1,,,32,,unknown type,pre-construction,2022,,North Valley,,,,40.3729,-119.4625,exact,,Washoe County,,Nevada,Northern America,Americas,L700124,G700204,EIA : 63491,,https://gem.wiki/North_Valley_geothermal_plant
United States,Patua geothermal project,,,,48,48,binary cycle,operating,2012,,Cyrq Energy,,Cyrq Energy,,39.583,-119.0737,exact,,Churchill County,,Nevada,Northern America,Americas,L700138,G700228,WRI: USA0058319,,https://gem.wiki/Patua_geothermal_project
United States,Pumpernickel geothermal plant,,,,33,,binary cycle,cancelled,,,,,Nevada Geothermal Power Company,,40.838,-117.3835,approximate,,Pumpernickel Valley,,Nevada,Northern America,Americas,L700142,G700235,,,https://gem.wiki/Pumpernickel_geothermal_plant
United States,Quicksilver geothermal plant,,,Geysers geothermal plant U16,118,118,dry steam,operating,1985,,Geysers Power Co LLC,,Calpine Corporation,,38.777,-122.745,exact,,Sonoma County,,California,Northern America,Americas,L700143,G700236,"WRI: USA0000286, EIA : 286",,https://gem.wiki/Quicksilver_geothermal_plant
United States,Ridge Line geothermal plant,,,Geysers geothermal plant U7 & U8,110,110,dry steam,operating,1972,,Geysers Power Co LLC,,Calpine Corporation,,38.777,-122.745,exact,,Sonoma County,,California,Northern America,Americas,L700149,G700245,"WRI: USA0000286, EIA : 286",,https://gem.wiki/Ridge_Line_geothermal_plant
United States,Salton Sea geothermal plant,3,,,54,54,flash steam - double,operating,1989,,CalEnergy Operating Corporation,,CE Generation,,33.1582,-115.6387,exact,,Imperial County,,California,Northern America,Americas,L700153,G700249,"WRI: USA0010759, EIA : 10759",,https://gem.wiki/Salton_Sea_geothermal_plant
United States,Salton Sea geothermal plant,4,,,48,48,flash steam - double,operating,1996,,CalEnergy Operating Corporation,,CE Generation,,33.157,-115.6386,exact,,Imperial County,,California,Northern America,Americas,L700153,G700250,"WRI: USA0054996, EIA : 54996",,https://gem.wiki/Salton_Sea_geothermal_plant
United States,Salton Sea geothermal plant,5,,,58,58,flash steam - double,operating,2000,,CalEnergy Operating Corporation,,CE Generation,,33.1533,-115.6384,exact,,Imperial County,,California,Northern America,Americas,L700153,G700251,"WRI: USA0055983, EIA : 55983",,https://gem.wiki/Salton_Sea_geothermal_plant
United States,Socrates geothermal plant,,,Geysers geothermal plant U18,118,118,dry steam,operating,1983,,Geysers Power Co LLC,,Calpine Corporation,,38.777,-122.745,exact,,Sonoma County,,California,Northern America,Americas,L700158,G700259,"WRI: USA0000286, EIA : 286",,https://gem.wiki/Socrates_geothermal_plant
United States,Sonoma California Geothermal,1,,,78,78,dry steam,operating,1983,,Geysers Power Co LLC,,,,38.7903,-122.7559,exact,,Sonoma County,,California,Northern America,Americas,L700159,G700260,"WRI: USA0000510, EIA : 510",,https://gem.wiki/Sonoma_California_Geothermal
United States,Stillwater Triple Hybrid geothermal plant,,,,33,33,binary cycle,operating,,,,,Enel Green Power,,39.5475,-118.5554,exact,,Churchill County,,Nevada,Northern America,Americas,L700162,G700267,WRI: USA0050765,,https://gem.wiki/Stillwater_Triple_Hybrid_geothermal_plant
United States,Sulfur Springs geothermal plant,,,Geysers geothermal plant U14,113,113,dry steam,operating,1980,,Geysers Power Co LLC,,Calpine Corporation,,38.777,-122.745,exact,,Sonoma County,,California,Northern America,Americas,L700163,G700268,"WRI: USA0000286, EIA : 286",,https://gem.wiki/Sulfur_Springs_geothermal_plant
United States,Surprise Valley geothermal plant,,,,52,,unknown type,cancelled,,,,,Enel North America Inc,,39.501,-116.0423,approximate,,Modoc,,Nevada,Northern America,Americas,L700166,G700272,,,https://gem.wiki/Surprise_Valley_geothermal_plant
United States,Telephone Flat geothermal plant,1,,,50,,unknown type,shelved,,,Calpine Corporation,,,,41.6014,-121.625,exact,,Siskiyou County,,California,Northern America,Americas,L700172,G700283,EIA : 55845,,https://gem.wiki/Telephone_Flat_geothermal_plant
United States,Terra-Gen Dixie Valley geothermal plant,GEN1,,Dixie Valley geothermal plant,65,65,flash steam - double,operating,1988,,Terra-Gen Operating Co-Geo,,Terra-Gen Power LLC,,39.9663,-117.8557,exact,,Churchill County,,Nevada,Northern America,Americas,L700174,G700285,"WRI: USA0052015, EIA : 52015",,https://gem.wiki/Terra-Gen_Dixie_Valley_geothermal_plant
United States,Tungsten Mountain geothermal plant,UNIT1,,,37,37,binary cycle,operating,2017,,Tungsten Mountain,,,,39.667,-117.6937,exact,,Churchill County,,Nevada,Northern America,Americas,L700182,G700302,"WRI: USA0060785, EIA : 60785",,https://gem.wiki/Tungsten_Mountain_geothermal_plant
United States,Vulcan-BN Geothermal plant,,,Vulcan Imperial,30,40,flash steam - double,operating,1985,,CalEnergy Operating Corporation,,CE Generation,,33.1633,-115.6167,exact,,Imperial County,,California,Northern America,Americas,L700188,G700313,"WRI: USA0050210, EIA : 50210",,https://gem.wiki/Vulcan-BN_Geothermal_plant
Japan,Hatchobara geothermal power plant,1,九州電力（株） 八丁原発電所,Hatchobaru Otake,55,114,flash steam - double,operating,1977,,Kyushu Electric Power Co. Inc.,,Kyushu Electric Power Co. Inc.,,33.1053,131.1874,exact,,Kusu County,,,Eastern Asia,Asia,L700060,G700094,WRI: WRI1020116,,https://gem.wiki/Hatchobara_geothermal_power_plant
Japan,Hatchobara geothermal power plant,2,九州電力（株） 八丁原発電所,Hatchobaru Otake,55,114,flash steam - double,operating,1990,,Kyushu Electric Power Co. Inc.,,Kyushu Electric Power Co. Inc.,,33.1053,131.1874,exact,,Kusu County,,,Eastern Asia,Asia,L700060,G700095,WRI: WRI1020116,,https://gem.wiki/Hatchobara_geothermal_power_plant
Japan,Kakkonda geothermal power plant,1,カコンダ地熱発電所,,50,80,flash steam - single,operating,1978,,Tohoku Electric Power Co. Ltd.,,Tohoku Electric Power Co. Ltd.,,39.8291,140.8649,exact,,Iwate County,,,Eastern Asia,Asia,L700070,G700116,WRI: WRI1020117,,https://gem.wiki/Kakkonda_geothermal_power_plant
Japan,Kakkonda geothermal power plant,2,カコンダ地熱発電所,,30,80,flash steam - single,operating,1996,,Tohoku Electric Power Co. Ltd.,,Tohoku Electric Power Co. Ltd.,,39.8291,140.8649,exact,,Iwate County,,,Eastern Asia,Asia,L700070,G700117,WRI: WRI1020117,,https://gem.wiki/Kakkonda_geothermal_power_plant
Japan,Kyuden Ogiri geothermal power plant,,九州電力(株) 大霧発電所,Ogun,30,30,flash steam - single,operating,1996,,Kyushu Electric Power Co. Inc.,,Kyushu Electric Power Co. Inc.,,31.9318,130.7977,exact,Kirishima,,,,Eastern Asia,Asia,L700083,G700136,WRI: WRI1020121,,https://gem.wiki/Kyuden_Ogiri_geothermal_power_plant
Japan,Sumikawa geothermal power plant,,東北電力（株）澄川地熱発電所,,50,50,flash steam - single,operating,1995,,Tohoku Electric Power Co. Ltd.,,Tohoku Electric Power Co. Ltd.,,39.9813,140.7822,exact,Kazuno,,,,Eastern Asia,Asia,L700164,G700269,WRI: WRI1020125,,https://gem.wiki/Sumikawa_geothermal_power_plant
Japan,Wasabizawa geothermal power plant,,湯沢地熱（株) 山葵沢地熱発電所,,46,46,flash steam - double,operating,2019,,Yuzawa Geothermal Power Generation Corporation,,Yuzawa Geothermal Power Generation Corporation,,38.9859,140.5701,exact,Yuzawa,,,,Eastern Asia,Asia,L700190,G700318,,,https://gem.wiki/Wasabizawa_geothermal_power_plant
Japan,Yamakawa geothermal plant,,,Yamagawa,30,30,flash steam - single,operating,1995,,Kyushu Electric Power Co. Inc.,,Kyushu Electric Power Co. Inc.,,31.1908,130.6142,exact,Ibusuki,,,,Eastern Asia,Asia,L700192,G700322,WRI: WRI1020128,,https://gem.wiki/Yamakawa_geothermal_plant
Japan,Yanatsu Nishiyama geothermal power plant,,柳津西山地熱発電所,,65,65,flash steam - single,operating,1995,,Tohoku Electric Power Co. Ltd.,,Tohoku Electric Power Co. Ltd.,,37.4401,139.694,exact,,Kawanuma County,,,Eastern Asia,Asia,L700193,G700323,WRI: WRI1020129,,https://gem.wiki/Yanatsu_Nishiyama_geothermal_power_plant
Indonesia,Arrow Lampung geothermal power plant,,,,50,,unknown type,cancelled,,,Arrow Resources Development,,Arrow Resources Development,,-4.5846,105.3231,approximate,,,,Lampung Province,South-eastern Asia,Asia,L700005,G700009,,,https://gem.wiki/Arrow_Lampung_geothermal_power_plant
Indonesia,Banten geothermal power plant,,,Banten Prospect,110,,unknown type,announced,,,PT Sintesa Green Energy,,PT Sintesa Green Energy,,-6.326,106.1161,approximate,,Pandeglang,Pandeglang Regency,Banten,South-eastern Asia,Asia,L700008,G700013,,,https://gem.wiki/Banten_geothermal_power_plant
Indonesia,Blawan Ijen geothermal project,1,,,55,,unknown type,construction,2024,,Medco Power Indonesia (MPI),,Pertamina Geothermal Energy,,-7.9768,114.1883,approximate,,,Blawan Ijen,East Java,South-eastern Asia,Asia,L700014,G700022,,,https://gem.wiki/Blawan_Ijen_geothermal_project
Indonesia,Blawan Ijen geothermal project,2,,,55,,unknown type,construction,2024,,Medco Power Indonesia (MPI),,Pertamina Geothermal Energy,,-7.9735,114.1708,approximate,,,Blawan Ijen,East Java,South-eastern Asia,Asia,L700014,G700023,,,https://gem.wiki/Blawan_Ijen_geothermal_project
Indonesia,Darajat geothermal power plant,1,,,55,271,dry steam,operating,1994,,Pereso (PLN),,Star Energy Geothermal,,-7.2173,107.7394,exact,,,,West Java,South-eastern Asia,Asia,L700037,G700056,WRI: WRI1000750,,https://gem.wiki/Darajat_geothermal_power_plant
Indonesia,Darajat geothermal power plant,2,,,90,271,unknown type,operating,2000,,Star Energy Geothermal,,Star Energy Geothermal,,-7.2173,107.7394,exact,,,,West Java,South-eastern Asia,Asia,L700037,G700057,WRI: WRI1000751,,https://gem.wiki/Darajat_geothermal_power_plant
Indonesia,Darajat geothermal power plant,3,,,121,271,unknown type,operating,2009,,Star Energy Geothermal,,Star Energy Geothermal,,-7.2173,107.7394,exact,,,,West Java,South-eastern Asia,Asia,L700037,G700058,WRI: WRI1000751,,https://gem.wiki/Darajat_geothermal_power_plant
Indonesia,Dieng geothermal power plant,1,,,60,60,flash steam - single,operating,1998,,PT Geo Dipa Energi (GDE),,PT Geo Dipa Energi (GDE),,-7.2261,109.8975,exact,,Wonosobo,,Central Java,South-eastern Asia,Asia,L700040,G700061,WRI: WRI1000752,,https://gem.wiki/Dieng_geothermal_power_plant
Indonesia,Dieng geothermal power plant,2,,,55,60,unknown type,pre-construction,2023,,PT Geo Dipa Energi (GDE),,PT Geo Dipa Energi (GDE),,-7.2261,109.8975,exact,,Wonosobo,,Central Java,South-eastern Asia,Asia,L700040,G700062,,,https://gem.wiki/Dieng_geothermal_power_plant
Indonesia,Dieng geothermal power plant,3,,,55,60,unknown type,announced,2025,,PT Geo Dipa Energi (GDE),,PT Geo Dipa Energi (GDE),,-7.2261,109.8975,exact,,Wonosobo,,Central Java,South-eastern Asia,Asia,L700040,G700063,,,https://gem.wiki/Dieng_geothermal_power_plant
Indonesia,Dieng geothermal power plant,Future Units,,,270,,unknown type,announced,2030,,PT Geo Dipa Energi (GDE),,PT Geo Dipa Energi (GDE),,-7.2261,109.8975,exact,,Wonosobo,,Central Java,South-eastern Asia,Asia,L700040,G700064,,,https://gem.wiki/Dieng_geothermal_power_plant
Indonesia,Gunung Salak geothermal power plant,1,,,55,330,unknown type,operating,1994,,Kamojang POMU,,Indonesia Power,,-6.7416,106.648,exact,,,,West Java,South-eastern Asia,Asia,L700058,G700087,WRI: WRI1000759,,https://gem.wiki/Gunung_Salak_geothermal_power_plant
Indonesia,Gunung Salak geothermal power plant,2,,,55,330,unknown type,operating,1994,,Kamojang POMU,,Indonesia Power,,-6.7416,106.648,exact,,,,West Java,South-eastern Asia,Asia,L700058,G700088,WRI: WRI1000759,,https://gem.wiki/Gunung_Salak_geothermal_power_plant
Indonesia,Gunung Salak geothermal power plant,3,,,55,330,unknown type,operating,,,Kamojang POMU,,Indonesia Power,,-6.7416,106.648,exact,,,,West Java,South-eastern Asia,Asia,L700058,G700089,WRI: WRI1000759,,https://gem.wiki/Gunung_Salak_geothermal_power_plant
Indonesia,Gunung Salak geothermal power plant,4,,Dayabumi Salak Pratama,55,330,unknown type,operating,1997,,Kamojang POMU,,Unocal Geothermal [50%]; PT Nusamba [50%],,-6.7416,106.648,exact,,,,West Java,South-eastern Asia,Asia,L700058,G700090,WRI: WRI1000759,,https://gem.wiki/Gunung_Salak_geothermal_power_plant
Indonesia,Gunung Salak geothermal power plant,5,,Dayabumi Salak Pratama,55,330,unknown type,operating,1997,,Kamojang POMU,,Unocal Geothermal [50%]; PT Nusamba [50%],,-6.7416,106.648,exact,,,,West Java,South-eastern Asia,Asia,L700058,G700091,,,https://gem.wiki/Gunung_Salak_geothermal_power_plant
Indonesia,Gunung Salak geothermal power plant,6,,Dayabumi Salak Pratama,55,330,unknown type,operating,1997,,Kamojang POMU,,Unocal Geothermal [50%]; PT Nusamba [50%],,-6.7416,106.648,exact,,,,West Java,South-eastern Asia,Asia,L700058,G700092,,,https://gem.wiki/Gunung_Salak_geothermal_power_plant
Indonesia,Gunung Tamponas geothermal power plant,,,,55,,unknown type,announced,2025,,PT Wika Jabar Power,,PT Resources Jaya Teknik Management [33%]; PT Jasa Sarana [33%]; PT Wijaya Karya [33%],,-6.8426,107.9143,approximate,,,Sumedang Regency,West Java,South-eastern Asia,Asia,L700059,G700093,,,https://gem.wiki/Gunung_Tamponas_geothermal_power_plant
Indonesia,Hululais geothermal power plant,1,,,55,,unknown type,construction,,,Pertamina Geothermal Energy,,Pereso (PLN),,-3.2413,102.2782,exact,,Lebong Selatan,,Bengkulu,South-eastern Asia,Asia,L700066,G700108,,,https://gem.wiki/Hululais_geothermal_power_plant
Indonesia,Hululais geothermal power plant,2,,,55,,unknown type,pre-construction,2024,,Pertamina Geothermal Energy,,Pereso (PLN),,-3.2413,102.2782,exact,,Lebong Selatan,,Bengkulu,South-eastern Asia,Asia,L700066,G700109,,,https://gem.wiki/Hululais_geothermal_power_plant
Indonesia,Kamojang geothermal power plant,1,,,30,235,unknown type,operating,1983,,Pertamina Geothermal Energy,,Pertamina Geothermal Energy,,-7.2181,107.7283,approximate,,Kamojang,Darajat,West Java,South-eastern Asia,Asia,L700072,G700119,,,https://gem.wiki/Kamojang_geothermal_power_plant
Indonesia,Kamojang geothermal power plant,2,,,55,235,unknown type,operating,1987,,Pertamina Geothermal Energy,,Pertamina Geothermal Energy,,-7.2181,107.7283,approximate,,Kamojang,Darajat,West Java,South-eastern Asia,Asia,L700072,G700120,,,https://gem.wiki/Kamojang_geothermal_power_plant
Indonesia,Kamojang geothermal power plant,3,,,55,235,unknown type,operating,1987,,Pertamina Geothermal Energy,,Pertamina Geothermal Energy,,-7.2181,107.7283,approximate,,Kamojang,Darajat,West Java,South-eastern Asia,Asia,L700072,G700121,,,https://gem.wiki/Kamojang_geothermal_power_plant
Indonesia,Kamojang geothermal power plant,4,,,60,235,unknown type,operating,2008,,Pertamina Geothermal Energy,,Pertamina Geothermal Energy,,-7.2181,107.7283,approximate,,Kamojang,Darajat,West Java,South-eastern Asia,Asia,L700072,G700122,,,https://gem.wiki/Kamojang_geothermal_power_plant
Indonesia,Kamojang geothermal power plant,5,,,35,235,dry steam,operating,2015,,Pertamina Geothermal Energy,,Pertamina Geothermal Energy,,-7.2181,107.7283,approximate,,Kamojang,Darajat,West Java,South-eastern Asia,Asia,L700072,G700123,,,https://gem.wiki/Kamojang_geothermal_power_plant
Indonesia,Karaha geothermal power plant,1,,PLTP Karaha Bodas,30,30,dry steam,operating,2018,,Pertamina Geothermal Energy,,Pertamina Geothermal Energy,,-7.1477,108.0848,exact,,,,West Java,South-eastern Asia,Asia,L700073,G700124,,,https://gem.wiki/Karaha_geothermal_power_plant
Indonesia,Lumut Balai 2 geothermal power plant,1,,,55,,unknown type,pre-construction,2024,,Pertamina Geothermal Energy,,Pertamina Geothermal Energy,,-4.1943,103.6403,exact,,Semende Darat Laut,,South Sumatra,South-eastern Asia,Asia,L700090,G700146,,,https://gem.wiki/Lumut_Balai_2_geothermal_power_plant
Indonesia,Lumut Balai 2 geothermal power plant,2,,,55,,unknown type,pre-construction,2024,,Pertamina Geothermal Energy,,Pertamina Geothermal Energy,,-4.1943,103.6403,exact,,Semende Darat Laut,,South Sumatra,South-eastern Asia,Asia,L700090,G700147,,,https://gem.wiki/Lumut_Balai_2_geothermal_power_plant
Indonesia,Lumut Balai geothermal power plant,1,,,55,110,flash steam - single,operating,2019,,Pertamina Geothermal Energy,,Pertamina Geothermal Energy,,-4.1943,103.6403,exact,,Semende Darat Laut,,South Sumatra,South-eastern Asia,Asia,L700091,G700148,,,https://gem.wiki/Lumut_Balai_geothermal_power_plant
Indonesia,Lumut Balai geothermal power plant,2,,,55,110,unknown type,construction,2023,,Pertamina Geothermal Energy,,Pertamina Geothermal Energy,,-4.1943,103.6403,exact,,Semende Darat Laut,,South Sumatra,South-eastern Asia,Asia,L700091,G700149,,,https://gem.wiki/Lumut_Balai_geothermal_power_plant
Indonesia,Mount Sibayak geothermal power plant,,,,40,,unknown type,cancelled,,,PT Okha Hutomo Satrya,,PT Okha Hutomo Satrya,,3.1853,98.5048,approximate,,Berastagi,Karo Regency,North Sumatra,South-eastern Asia,Asia,L700112,G700187,,,https://gem.wiki/Mount_Sibayak_geothermal_power_plant
Indonesia,Muarah Laboh geothermal plant,1,,Muara Laboh,85,85,flash steam - double,operating,2019,,PT Supreme Energy,,ENGIE [18.5%]; Sumitomo Corporation [18.5%]; PT Supreme Energy [30%]; INPEX Corporation [33%],,-1.6268,101.1296,exact,,Pauh Duo,,West Sumatra,South-eastern Asia,Asia,L700113,G700188,,,https://gem.wiki/Muarah_Laboh_geothermal_plant
Indonesia,Muarah Laboh geothermal plant,2,,Muara Laboh,75,85,unknown type,construction,2022,,PT Supreme Energy,,ENGIE [18.5%]; Sumitomo Corporation [18.5%]; PT Supreme Energy [30%]; INPEX Corporation [33%],,-1.6268,101.1296,exact,,Pauh Duo,,West Sumatra,South-eastern Asia,Asia,L700113,G700189,,,https://gem.wiki/Muarah_Laboh_geothermal_plant
Indonesia,Patuha geothermal power plant,1,,,55,55,flash steam - single,operating,2014,,PT Geo Dipa Energi (GDE),,PT Geo Dipa Energi (GDE),,-7.1838,107.4215,exact,,,,West Java,South-eastern Asia,Asia,L700139,G700229,,,https://gem.wiki/Patuha_geothermal_power_plant
Indonesia,Patuha geothermal power plant,2,,,55,,unknown type,construction,2023,,PT Geo Dipa Energi (GDE),,PT Geo Dipa Energi (GDE),,-7.1838,107.4215,exact,,,,West Java,South-eastern Asia,Asia,L700139,G700230,,,https://gem.wiki/Patuha_geothermal_power_plant
Indonesia,Patuha geothermal power plant,3,,,55,,unknown type,announced,2025,,PT Geo Dipa Energi (GDE),,PT Geo Dipa Energi (GDE),,-7.1838,107.4215,exact,,,,West Java,South-eastern Asia,Asia,L700139,G700231,,,https://gem.wiki/Patuha_geothermal_power_plant
Indonesia,Patuha geothermal power plant,Future Units,,,290,,unknown type,announced,2030,,PT Geo Dipa Energi (GDE),,PT Geo Dipa Energi (GDE),,-7.1838,107.4215,exact,,,,West Java,South-eastern Asia,Asia,L700139,G700232,,,https://gem.wiki/Patuha_geothermal_power_plant
Indonesia,Rajabasa geothermal power plant,1,,,110,,unknown type,pre-construction,,,PT Supreme Energy,,PT Supreme Energy [33%]; ENGIE [33%]; Sumitomo Corporation [33%],,-5.7817,105.6256,approximate,,Gunung Rajabasa,South Lampung Regency,Lampung Province,South-eastern Asia,Asia,L700144,G700237,,,https://gem.wiki/Rajabasa_geothermal_power_plant
Indonesia,Rajabasa geothermal power plant,2,,,110,,unknown type,pre-construction,,,PT Supreme Energy,,PT Supreme Energy [33%]; ENGIE [33%]; Sumitomo Corporation [33%],,-5.7817,105.6256,approximate,,Gunung Rajabasa,South Lampung Regency,Lampung Province,South-eastern Asia,Asia,L700144,G700238,,,https://gem.wiki/Rajabasa_geothermal_power_plant
Indonesia,Rantau Dedep geothermal power plant,1,,,91,91,unknown type,operating,2021,,PT Supreme Energy Rantau Dedap,,PT Supreme Energy [25.2%]; ENGIE [37.4%]; Marubeni Corporation [27.4%]; Tohoku Electric Power [10%],,-4.2069,103.3857,exact,Swarna Dwipa,Muara Enim,,South Sumatra,South-eastern Asia,Asia,L700146,G700240,,,https://gem.wiki/Rantau_Dedep_geothermal_power_plant
Indonesia,Ratai geothermal power plant,,,,55,,unknown type,pre-construction,2022,,PT Optima Nusantara Energi,,Enel Green Power,,-5.6001,105.0738,approximate,,Way Ratai,,Lampung Province,South-eastern Asia,Asia,L700147,G700241,,,https://gem.wiki/Ratai_geothermal_power_plant
Indonesia,Salak geothermal power plant,7,,,55,,binary cycle,construction,2023,,Star Energy Geothermal,,Star Energy Geothermal,,-6.741,106.673,exact,,,,West Java,South-eastern Asia,Asia,L700151,G700247,,,https://gem.wiki/Salak_geothermal_power_plant
Indonesia,Sarulla geothermal power plant,NIL-1,,,110,330,unknown type,operating,2017,,Sarulla Operations Ltd,,Sarulla Operations Ltd,,1.8202,99.0885,exact,,North Tapanuli,,North Sumatra,South-eastern Asia,Asia,L700157,G700256,,,https://gem.wiki/Sarulla_geothermal_power_plant
Indonesia,Sarulla geothermal power plant,NIL-2,,,110,330,unknown type,operating,2017,,Sarulla Operations Ltd,,Sarulla Operations Ltd,,1.8202,99.0885,exact,,North Tapanuli,,North Sumatra,South-eastern Asia,Asia,L700157,G700257,,,https://gem.wiki/Sarulla_geothermal_power_plant
Indonesia,Sarulla geothermal power plant,SIL-3,,,110,330,unknown type,operating,2018,,Sarulla Operations Ltd,,Sarulla Operations Ltd,,1.8202,99.0885,exact,,North Tapanuli,,North Sumatra,South-eastern Asia,Asia,L700157,G700258,,,https://gem.wiki/Sarulla_geothermal_power_plant
Indonesia,Sorik Marapi geothermal power plant,1,,,45,240,binary cycle,operating,2019,,KS Orka Renewables Pte Ltd,,KS Orka Renewables Pte Ltd,,0.7475,99.5751,exact,,Mandailing Natal,,North Sumatra,South-eastern Asia,Asia,L700160,G700261,,,https://gem.wiki/Sorik_Marapi_geothermal_power_plant
Indonesia,Sorik Marapi geothermal power plant,2,,,45,240,binary cycle,operating,2021,,KS Orka Renewables Pte Ltd,,KS Orka Renewables Pte Ltd,,0.7475,99.5751,exact,,Mandailing Natal,,North Sumatra,South-eastern Asia,Asia,L700160,G700262,,,https://gem.wiki/Sorik_Marapi_geothermal_power_plant
Indonesia,Sorik Marapi geothermal power plant,3,,,50,240,unknown type,announced,2022,,KS Orka Renewables Pte Ltd,,KS Orka Renewables Pte Ltd,,0.7475,99.5751,exact,,Mandailing Natal,,North Sumatra,South-eastern Asia,Asia,L700160,G700263,,,https://gem.wiki/Sorik_Marapi_geothermal_power_plant
Indonesia,Sorik Marapi geothermal power plant,4,,,50,240,unknown type,announced,2022,,KS Orka Renewables Pte Ltd,,KS Orka Renewables Pte Ltd,,0.7475,99.5751,exact,,Mandailing Natal,,North Sumatra,South-eastern Asia,Asia,L700160,G700264,,,https://gem.wiki/Sorik_Marapi_geothermal_power_plant
Indonesia,Sorik Marapi geothermal power plant,5,,,50,240,unknown type,announced,2023,,KS Orka Renewables Pte Ltd,,KS Orka Renewables Pte Ltd,,0.7475,99.5751,exact,,Mandailing Natal,,North Sumatra,South-eastern Asia,Asia,L700160,G700265,,,https://gem.wiki/Sorik_Marapi_geothermal_power_plant
Indonesia,Sungai Penuh geothermal power plant,1,,,55,,unknown type,pre-construction,2022,,Pertamina Geothermal Energy,,Pertamina Geothermal Energy,,-2.0625,101.4076,approximate,,Jambi Province,Kerinci Regency,Sumatra,South-eastern Asia,Asia,L700165,G700270,,,https://gem.wiki/Sungai_Penuh_geothermal_power_plant
Indonesia,Sungai Penuh geothermal power plant,2,,,55,,unknown type,announced,,,Pertamina Geothermal Energy,,Pertamina Geothermal Energy,,-2.0625,101.4076,approximate,,Jambi Province,Kerinci Regency,Sumatra,South-eastern Asia,Asia,L700165,G700271,,,https://gem.wiki/Sungai_Penuh_geothermal_power_plant
Indonesia,Ulubelu geothermal power plant,1,,,55,220,flash steam - single,operating,2012,,Pertamina Geothermal Energy,,Pertamina Geothermal Energy,,-5.3096,104.5733,exact,,Tanggamus,,Lampung,South-eastern Asia,Asia,L700185,G700306,WRI: WRI1001040,,https://gem.wiki/Ulubelu_geothermal_power_plant
Indonesia,Ulubelu geothermal power plant,2,,,55,220,flash steam - single,operating,2012,,Pertamina Geothermal Energy,,Pertamina Geothermal Energy,,-5.3096,104.5733,exact,,Tanggamus,,Lampung,South-eastern Asia,Asia,L700185,G700307,WRI: WRI1001040,,https://gem.wiki/Ulubelu_geothermal_power_plant
Indonesia,Ulubelu geothermal power plant,3,,,55,220,unknown type,operating,2016,,Pertamina Geothermal Energy,,Pertamina Geothermal Energy,,-5.305,104.5767,exact,,Tanggamus,,Lampung,South-eastern Asia,Asia,L700185,G700308,,,https://gem.wiki/Ulubelu_geothermal_power_plant
Indonesia,Ulubelu geothermal power plant,4,,,55,220,unknown type,operating,2017,,Pertamina Geothermal Energy,,Pertamina Geothermal Energy,,-5.305,104.5767,exact,,Tanggamus,,Lampung,South-eastern Asia,Asia,L700185,G700309,,,https://gem.wiki/Ulubelu_geothermal_power_plant
Indonesia,Wayang Windu geothermal power plant,1,,,110,227,flash steam - single,operating,2000,,Star Energy Geothermal,,Star Energy Geothermal,,-7.1966,107.6258,exact,,,,West Java,South-eastern Asia,Asia,L700191,G700319,WRI: WRI1001044,,https://gem.wiki/Wayang_Windu_geothermal_power_plant
Indonesia,Wayang Windu geothermal power plant,2,,,117,227,unknown type,operating,2009,,Star Energy Geothermal,,Star Energy Geothermal,,-7.1966,107.6258,exact,,,,West Java,South-eastern Asia,Asia,L700191,G700320,,,https://gem.wiki/Wayang_Windu_geothermal_power_plant
Indonesia,Wayang Windu geothermal power plant,3,,,60,227,unknown type,pre-construction,2022,,Star Energy Geothermal,,Star Energy Geothermal,,-7.1966,107.6258,exact,,,,West Java,South-eastern Asia,Asia,L700191,G700321,,,https://gem.wiki/Wayang_Windu_geothermal_power_plant
Philippines,Bac-Man geothermal power plant,1,,Bacon-Manito,55,150,flash steam - single,operating,1993,,Energy Development Corporation (EDC),,Energy Development Corporation (EDC),,13.0547,123.9678,exact,Sorsogon City,,,Sorsogon,South-eastern Asia,Asia,L700006,G700010,WRI: WRI1001889,,https://gem.wiki/Bac-Man_geothermal_power_plant
Philippines,Bac-Man geothermal power plant,2,,Bacon-Manito,55,150,flash steam - single,operating,1993,,Energy Development Corporation (EDC),,Energy Development Corporation (EDC),,13.0547,123.9678,exact,Sorsogon City,,,Sorsogon,South-eastern Asia,Asia,L700006,G700011,WRI: WRI1001889,,https://gem.wiki/Bac-Man_geothermal_power_plant
Philippines,Dauin geothermal power plant,,,,40,,unknown type,announced,2025,,Energy Development Corporation (EDC),,Energy Development Corporation (EDC),,9.2304,123.2008,approximate,,,Dauin,Negros Oriental,South-eastern Asia,Asia,L700038,G700059,,,https://gem.wiki/Dauin_geothermal_power_plant
Philippines,Kalinga geothermal power plant,Future Units,,,120,,unknown type,announced,2028,,,,Guidance Management Corporation [33%]; APC Group [33%]; Allfirst LLC [33%],,17.2481,121.1234,approximate,,,Tinglayan,Kalinga,South-eastern Asia,Asia,L700071,G700118,,,https://gem.wiki/Kalinga_geothermal_power_plant
Philippines,Kayabon geothermal power plant,1,,,30,50,unknown type,announced,2025,,Energy Development Corporation (EDC),,Energy Development Corporation (EDC),,12.2549,123.5327,approximate,,,Cayabon,Masbate,South-eastern Asia,Asia,L700078,G700129,,,https://gem.wiki/Kayabon_geothermal_power_plant
Philippines,Mahanagdong geothermal facility,A1,,Leyte Mahanagdong,60,180,flash steam - double,operating,1997,,Energy Development Corporation (EDC),,Energy Development Corporation (EDC),,11.1309,124.6695,exact,Ormoc,,Leyte 4th District,Leyte,South-eastern Asia,Asia,L700092,G700150,WRI: WRI1001942,,https://gem.wiki/Mahanagdong_geothermal_facility
Philippines,Mahanagdong geothermal facility,A2,,Leyte Mahanagdong,60,180,flash steam - double,operating,1997,,Energy Development Corporation (EDC),,Energy Development Corporation (EDC),,11.1309,124.6695,exact,Ormoc,,Leyte 4th District,Leyte,South-eastern Asia,Asia,L700092,G700151,WRI: WRI1001942,,https://gem.wiki/Mahanagdong_geothermal_facility
Philippines,Mahanagdong geothermal facility,B1,,Leyte Mahanagdong,60,180,unknown type,operating,1997,,Energy Development Corporation (EDC),,Energy Development Corporation (EDC),,11.1309,124.6695,exact,Ormoc,,Leyte 4th District,Leyte,South-eastern Asia,Asia,L700092,G700152,WRI: WRI1001942,,https://gem.wiki/Mahanagdong_geothermal_facility
Philippines,Maibarara geothermal power plant,3,,,30,60,unknown type,announced,2023,,PetroGreen Energy Corporation,,PetroGreen Energy Corporation,,14.1382,121.1655,exact,Calamba,,,Laguna,South-eastern Asia,Asia,L700093,G700153,,,https://gem.wiki/Maibarara_geothermal_power_plant
Philippines,Makban geothermal power plant,1,,,63,458,flash steam - double,operating,1979,,AP Renewables Inc. (APRI),,Aboitiz Power,,14.0917,121.2143,exact,,,,Laguna,South-eastern Asia,Asia,L700094,G700154,WRI: WRI1001888,,https://gem.wiki/Makban_geothermal_power_plant
Philippines,Makban geothermal power plant,2,,,63,458,flash steam - double,operating,1979,,AP Renewables Inc. (APRI),,Aboitiz Power,,14.0917,121.2143,exact,,,,Laguna,South-eastern Asia,Asia,L700094,G700155,WRI: WRI1001888,,https://gem.wiki/Makban_geothermal_power_plant
Philippines,Makban geothermal power plant,3,,,63,458,flash steam - single,operating,1980,,AP Renewables Inc. (APRI),,Aboitiz Power,,14.0917,121.2143,exact,,,,Laguna,South-eastern Asia,Asia,L700094,G700156,WRI: WRI1001888,,https://gem.wiki/Makban_geothermal_power_plant
Philippines,Makban geothermal power plant,4,,,63,458,flash steam - single,operating,1980,,AP Renewables Inc. (APRI),,Aboitiz Power,,14.0917,121.2143,exact,,,,Laguna,South-eastern Asia,Asia,L700094,G700157,WRI: WRI1001888,,https://gem.wiki/Makban_geothermal_power_plant
Philippines,Makban geothermal power plant,5,,,55,458,flash steam - single,operating,1981,,AP Renewables Inc. (APRI),,Aboitiz Power,,14.0917,121.2143,exact,,,,Laguna,South-eastern Asia,Asia,L700094,G700158,WRI: WRI1001888,,https://gem.wiki/Makban_geothermal_power_plant
Philippines,Makban geothermal power plant,6,,,55,458,unknown type,operating,1982,,AP Renewables Inc. (APRI),,Aboitiz Power,,14.0917,121.2143,exact,,,,Laguna,South-eastern Asia,Asia,L700094,G700159,WRI: WRI1001888,,https://gem.wiki/Makban_geothermal_power_plant
Philippines,Malitbog geothermal power plant,1,,Leyte Malitbog,78,232,flash steam - single,operating,1996,,Energy Development Corporation (EDC),,Energy Development Corporation (EDC),,11.1525,124.6492,exact,Ormoc,,Leyte 4th District,Leyte,South-eastern Asia,Asia,L700095,G700160,,,https://gem.wiki/Malitbog_geothermal_power_plant
Philippines,Malitbog geothermal power plant,2,,Leyte Malitbog,78,232,flash steam - single,operating,1997,,Energy Development Corporation (EDC),,Energy Development Corporation (EDC),,11.1525,124.6492,exact,Ormoc,,Leyte 4th District,Leyte,South-eastern Asia,Asia,L700095,G700161,,,https://gem.wiki/Malitbog_geothermal_power_plant
Philippines,Malitbog geothermal power plant,3,,Leyte Malitbog,78,232,flash steam - single,operating,1997,,Energy Development Corporation (EDC),,Energy Development Corporation (EDC),,11.1525,124.6492,exact,Ormoc,,Leyte 4th District,Leyte,South-eastern Asia,Asia,L700095,G700162,,,https://gem.wiki/Malitbog_geothermal_power_plant
Philippines,Mindanao geothermal power plant,1,,Mt. Apo geothermal plant,52,106,flash steam - single,operating,1997,,Energy Development Corporation (EDC),,Energy Development Corporation (EDC),,7.0127,125.2198,exact,Kidapawan,,,North Cotabato,South-eastern Asia,Asia,L700106,G700177,WRI: WRI1001956,,https://gem.wiki/Mindanao_geothermal_power_plant
Philippines,Mindanao geothermal power plant,2,,Mt. Apo geothermal plant,54,106,flash steam - single,operating,1999,,Energy Development Corporation (EDC),,Energy Development Corporation (EDC),,7.0127,125.2198,exact,Kidapawan,,,North Cotabato,South-eastern Asia,Asia,L700106,G700178,WRI: WRI1001956,,https://gem.wiki/Mindanao_geothermal_power_plant
Philippines,Mindanao geothermal power plant,3,,Mt. Apo geothermal plant,50,,flash steam - single,cancelled,,,Energy Development Corporation (EDC),,Energy Development Corporation (EDC),,7.0127,125.2198,exact,Kidapawan,,,North Cotabato,South-eastern Asia,Asia,L700106,G700179,,,https://gem.wiki/Mindanao_geothermal_power_plant
Philippines,Mount Labo geothermal power plant,,,Del Gallego,30,,unknown type,announced,,,Energy Development Corporation (EDC),,Energy Development Corporation (EDC),,14.0137,122.7871,approximate,,,Labo,Camarines Sur,South-eastern Asia,Asia,L700111,G700186,,,https://gem.wiki/Mount_Labo_geothermal_power_plant
Philippines,Nasulo geothermal power plant,,,,40,40,unknown type,operating,2014,,Energy Development Corporation (EDC),,Energy Development Corporation (EDC),,9.2805,123.1531,exact,,,,Negros Oriental,South-eastern Asia,Asia,L700115,G700191,,,https://gem.wiki/Nasulo_geothermal_power_plant
Philippines,Northern Negros geothermal power plant,,,,50,,flash steam - single,retired,,2013,Energy Development Corporation (EDC),,Energy Development Corporation (EDC),,10.484,123.1017,exact,Bago,,,Negros Occidental,South-eastern Asia,Asia,L700125,G700205,,,https://gem.wiki/Northern_Negros_geothermal_power_plant
Philippines,Palinpinon 1 geothermal power plant,1,,,38,112,flash steam - single,operating,1983,,Energy Development Corporation (EDC),,Energy Development Corporation (EDC),,9.295,123.1723,exact,,,,Negros Oriental,South-eastern Asia,Asia,L700136,G700224,WRI: WRI1001941,,https://gem.wiki/Palinpinon_1_geothermal_power_plant
Philippines,Palinpinon 1 geothermal power plant,2,,,38,112,flash steam - single,operating,1983,,Energy Development Corporation (EDC),,Energy Development Corporation (EDC),,9.295,123.1723,exact,,,,Negros Oriental,South-eastern Asia,Asia,L700136,G700225,WRI: WRI1001941,,https://gem.wiki/Palinpinon_1_geothermal_power_plant
Philippines,Palinpinon 1 geothermal power plant,3,,,38,112,flash steam - single,operating,1983,,Energy Development Corporation (EDC),,Energy Development Corporation (EDC),,9.295,123.1723,exact,,,,Negros Oriental,South-eastern Asia,Asia,L700136,G700226,WRI: WRI1001941,,https://gem.wiki/Palinpinon_1_geothermal_power_plant
Philippines,Rangas geothermal power plant,,,,40,,unknown type,cancelled,,,Energy Development Corporation (EDC),,Energy Development Corporation (EDC),,12.8025,124.0009,approximate,,Rangas,Sorsogon,Bicol,South-eastern Asia,Asia,L700145,G700239,,,https://gem.wiki/Rangas_geothermal_power_plant
Philippines,Tanawon geothermal power plant,,,,50,,unknown type,cancelled,,,Energy Development Corporation (EDC),,Energy Development Corporation (EDC),,13.0083,124.0345,approximate,,,Sorsogon,Bicol,South-eastern Asia,Asia,L700169,G700278,,,https://gem.wiki/Tanawon_geothermal_power_plant
Philippines,Tiwi geothermal power plant,1,,,60,330,flash steam - single,operating,1979,,AP Renewables Inc. (APRI),,Aboitiz Power,,13.4655,123.6486,exact,,,,Albay,South-eastern Asia,Asia,L700178,G700290,WRI: WRI1001890,,https://gem.wiki/Tiwi_geothermal_power_plant
Philippines,Tiwi geothermal power plant,2,,,60,330,flash steam - single,operating,1979,,AP Renewables Inc. (APRI),,Aboitiz Power,,13.4655,123.6486,exact,,,,Albay,South-eastern Asia,Asia,L700178,G700291,WRI: WRI1001890,,https://gem.wiki/Tiwi_geothermal_power_plant
Philippines,Tiwi geothermal power plant,3,,,55,330,flash steam - single,operating,1980,,AP Renewables Inc. (APRI),,Aboitiz Power,,13.4655,123.6486,exact,,,,Albay,South-eastern Asia,Asia,L700178,G700292,WRI: WRI1001890,,https://gem.wiki/Tiwi_geothermal_power_plant
Philippines,Tiwi geothermal power plant,4,,,55,330,unknown type,operating,1980,,AP Renewables Inc. (APRI),,Aboitiz Power,,13.4655,123.6486,exact,,,,Albay,South-eastern Asia,Asia,L700178,G700293,WRI: WRI1001890,,https://gem.wiki/Tiwi_geothermal_power_plant
Philippines,Tiwi geothermal power plant,5,,,43,330,unknown type,operating,1981,,AP Renewables Inc. (APRI),,Aboitiz Power,,13.4655,123.6486,exact,,,,Albay,South-eastern Asia,Asia,L700178,G700294,WRI: WRI1001890,,https://gem.wiki/Tiwi_geothermal_power_plant
Philippines,Tiwi geothermal power plant,6,,,57,330,unknown type,operating,1980,,AP Renewables Inc. (APRI),,Aboitiz Power,,13.4655,123.6486,exact,,,,Albay,South-eastern Asia,Asia,L700178,G700295,WRI: WRI1001890,,https://gem.wiki/Tiwi_geothermal_power_plant
Philippines,Tongonan geothermal power plant,1,,,38,112,unknown type,operating,1983,,Energy Development Corporation (EDC),,Energy Development Corporation (EDC),,11.1612,124.6371,exact,,,Leyte 4th District,Leyte,South-eastern Asia,Asia,L700179,G700296,,,https://gem.wiki/Tongonan_geothermal_power_plant
Philippines,Tongonan geothermal power plant,2,,,38,112,unknown type,operating,1983,,Energy Development Corporation (EDC),,Energy Development Corporation (EDC),,11.1612,124.6371,exact,,,Leyte 4th District,Leyte,South-eastern Asia,Asia,L700179,G700297,,,https://gem.wiki/Tongonan_geothermal_power_plant
Philippines,Tongonan geothermal power plant,3,,,38,112,unknown type,operating,1983,,Energy Development Corporation (EDC),,Energy Development Corporation (EDC),,11.1612,124.6371,exact,,,Leyte 4th District,Leyte,South-eastern Asia,Asia,L700179,G700298,,,https://gem.wiki/Tongonan_geothermal_power_plant
Bangladesh,Thakurgain geothermal plant,,,,200,,unknown type,announced,,,,,Anglo MGH Energy,,24.4769,90.2934,approximate,Salandar,,Thakurgain,,Southern Asia,Asia,L700175,G700286,,,https://gem.wiki/Thakurgain_geothermal_plant
Türkiye,Alaşehir geothermal power plant,1,,,34,45,flash steam - double,operating,2015,,Zorlu Jeotermal,,Zorlu Enerji,,38.4002,28.4311,exact,Manisa,Alaşehir,,,Western Asia,Asia,L700003,G700007,WRI: WRI1018958,,https://gem.wiki/Alaşehir_geothermal_power_plant
Türkiye,Alaşehir geothermal power plant,Future Units,,,60,45,unknown type,pre-construction,,,,,Zorlu Enerji,,38.3507,28.5166,approximate,Manisa,Alaşehir,,,Western Asia,Asia,L700003,G700006,,,https://gem.wiki/Alaşehir_geothermal_power_plant
Türkiye,Dora 3 geothermal power plant,,,,34,34,binary cycle,operating,2014,,,,MB Holding,,37.857,28.0716,exact,,Köşk,,,Western Asia,Asia,L700043,G700067,WRI: WRI1018960,,https://gem.wiki/Dora_3_geothermal_power_plant
Türkiye,Efeler Gürmat-2 geothermal power plant,1,,,47,260,flash steam - double,operating,2014,,Mogan Enerji Yatirim Holding[85%]; Güriş Holding [4.72%]; Güriş Inşaat ve Muhendislik [4.72%]; Gurenerji Elektrik Uretim [0.56%];  Mr. Müsfik Hamdi Yamantürk [5%],,Mogan Enerji Yatırım Holding,,37.8674,27.6477,exact,,İncirliova,,Aydin,Western Asia,Asia,L700047,G700071,WRI: WRI1018954,,https://gem.wiki/Efeler_Gürmat-2_geothermal_power_plant
Türkiye,Efeler Gürmat-2 geothermal power plant,8,,,50,260,binary cycle,operating,2021,,Mogan Enerji Yatirim Holding[85%]; Güriş Holding [4.72%]; Güriş Inşaat ve Muhendislik [4.72%]; Gurenerji Elektrik Uretim [0.56%];  Mr. Müsfik Hamdi Yamantürk [5%],,Mogan Enerji Yatırım Holding,,37.8644,27.6441,exact,,Germencik,,Aydin,Western Asia,Asia,L700047,G700072,,,https://gem.wiki/Efeler_Gürmat-2_geothermal_power_plant
Türkiye,Efeler geothermal power plant,,,"Galip Hoca, Efeler Gürmat-1 geothermal power plant",47,260,flash steam - double,operating,2009,,Mogan Enerji Yatirim Holding[85%]; Güriş Holding [4.72%]; Güriş Inşaat ve Muhendislik [4.72%]; Gurenerji Elektrik Uretim [0.56%];  Mr. Müsfik Hamdi Yamantürk [5%],,Mogan Enerji Yatırım Holding,,37.8848,27.6304,exact,,Germencik,,Aydin,Western Asia,Asia,L700046,G700070,WRI: WRI1018957,,https://gem.wiki/Efeler_geothermal_power_plant
Türkiye,Greeneco Sarayköy geothermal plant,Future Units,,,49,102,unknown type,announced,,,,,Greeneco Enerji,,37.9346,28.7969,approximate,Sarayköy,,,Denizli,Western Asia,Asia,L700057,G700086,,,https://gem.wiki/Greeneco_Sarayköy_geothermal_plant
Türkiye,Karataş geothermal plant,,,,100,,unknown type,announced,,,,,Zorlu Enerji,,37.9489,28.8801,approximate,Karataş,,Sarayköy,Denizli,Western Asia,Asia,L700074,G700125,,,https://gem.wiki/Karataş_geothermal_plant
Türkiye,Kızıldere-2 geothermal power plant,,,"Kızıldere-1 & 2 Geothermal Power Plant Ext. & Reh., Kizildere Zorlu",80,80,flash steam - triple,operating,2013,,Zorlu Doğal,,Zorlu Enerji,,37.9499,28.8354,exact,Denizli,Buharkent,,Denizli,Western Asia,Asia,L700079,G700130,WRI: WRI1018955,,https://gem.wiki/Kızıldere-2_geothermal_power_plant
Türkiye,Kızıldere-3 geothermal power plant,1,,,100,165,flash steam - triple,operating,2017,,Zorlu Doğal,,Zorlu Enerji,,37.9498,28.843,approximate,Denizli,,,Denizli,Western Asia,Asia,L700080,G700132,,,https://gem.wiki/Kızıldere-3_geothermal_power_plant
Türkiye,Kızıldere-3 geothermal power plant,2,,,66,165,flash steam - triple,operating,2018,,Zorlu Doğal,,Zorlu Enerji,,37.9498,28.843,approximate,Denizli,,,Denizli,Western Asia,Asia,L700080,G700131,,,https://gem.wiki/Kızıldere-3_geothermal_power_plant
Türkiye,Kızıldere-4 geothermal power plant,,,,60,,unknown type,pre-construction,,,,,Zorlu Enerji,,38.6126,27.4334,approximate,Manisa,,,,Western Asia,Asia,L700081,G700133,,,https://gem.wiki/Kızıldere-4_geothermal_power_plant
Türkiye,Maspo Ala-2 geothermal power plant,,,,30,30,binary cycle,operating,2019,,,,Maspo Energy AS,,38.4222,28.3892,exact,,Alaşehir,,,Western Asia,Asia,L700097,G700165,,,https://gem.wiki/Maspo_Ala-2_geothermal_power_plant
Türkiye,Melih geothermal plant,,,,33,33,binary cycle,operating,2018,,,,"Ormat Technologies, Inc",,37.911,27.6404,exact,,Germencik,,,Western Asia,Asia,L700102,G700171,,,https://gem.wiki/Melih_geothermal_plant
Türkiye,Mis 3 geothermal plant,,,,48,48,binary cycle,operating,2019,,Soyak,,,,38.3872,28.4099,exact,,Alaşehir,,,Western Asia,Asia,L700108,G700182,,,https://gem.wiki/Mis_3_geothermal_plant
Türkiye,PamukÖren geothermal power plant,6,,,32,144,binary cycle,operating,2019,,,,Celikler Holding,,37.9167,28.5305,exact,,Kuyucak,,,Western Asia,Asia,L700137,G700227,WRI: WRI1018956,,https://gem.wiki/PamukÖren_geothermal_power_plant
Türkiye,Salihli JES-3 geothermal power plant,,,,30,30,binary cycle,operating,2019,,,,Sanko Enerji,,38.4917,28.0887,exact,,Salihli,,,Western Asia,Asia,L700152,G700248,,,https://gem.wiki/Salihli_JES-3_geothermal_power_plant
Türkiye,Sarı Zeybek geothermal power plant,,Sarı Zeybek Jeotermal Enerji Santrali,,54,,unknown type,pre-construction,,,,,Güriş Holding,,37.8472,27.8337,approximate,,Kızılcaköy Mahallesi,Efeler,Aydın,Western Asia,Asia,L700156,G700255,,,https://gem.wiki/Sarı_Zeybek_geothermal_power_plant
Türkiye,Türkerler 3 geothermal power plant,1,,"Türkerler JES-3, Alaşehir-3",30,30,binary cycle,operating,2018,,,,Turkeler Energy,,38.6126,27.4334,approximate,Manisa,,,,Western Asia,Asia,L700184,G700305,,,https://gem.wiki/Türkerler_3_geothermal_power_plant
Türkiye,Türkerler 3 geothermal power plant,Future Units,,"Türkerler JES-3, Alaşehir-4",90,30,unknown type,pre-construction,,,,,Turkeler Energy,,38.6126,27.4334,approximate,Manisa,,,,Western Asia,Asia,L700184,G700304,,,https://gem.wiki/Türkerler_3_geothermal_power_plant
Hungary,Turawell geothermal power plant,,,,40,,unknown type,announced,,,KS Orka Renewables Pte Ltd,,Zhejiang Kaishan Pressure Vessel Co. Ltd.,,47.4611,19.0499,approximate,,,,Budapest,Eastern Europe,Europe,L700183,G700303,,,https://gem.wiki/Turawell_geothermal_power_plant
Russia,Mutnovskaya GeoPP geothermal power plant,,,,50,50,flash steam - single,operating,2001,,RusHydro,,RusHydro,,52.5353,158.2011,exact,,Yelizovsky District,,Kamchatka Krai,Eastern Europe,Europe,L700114,G700190,WRI: WRI1061706,,https://gem.wiki/Mutnovskaya_GeoPP_geothermal_power_plant
Iceland,Bitra geothermal power plant,,,,135,135,unknown type,cancelled,,,Orkuveita Reykjavikur,,Orkuveita Reykjavikur,,63.8576,-21.3844,approximate,,,Ölfus,Southern Region,Northern Europe,Europe,L700012,G700019,,,https://gem.wiki/Bitra_geothermal_power_plant
Iceland,Bjarnarflag geothermal power plant,1,,,45,90,unknown type,cancelled,,,Landsvirkjun,,Landsvirkjun,,65.6432,-16.8462,exact,,Þingeyjarsveit,Northeastern Region,,Northern Europe,Europe,L700013,G700020,,,https://gem.wiki/Bjarnarflag_geothermal_power_plant
Iceland,Bjarnarflag geothermal power plant,2,,,45,90,unknown type,cancelled,,,Landsvirkjun,,Landsvirkjun,,65.6432,-16.8462,exact,,Þingeyjarsveit,Northeastern Region,,Northern Europe,Europe,L700013,G700021,,,https://gem.wiki/Bjarnarflag_geothermal_power_plant
Iceland,Eldvörp geothermal power plant,,,,50,,unknown type,announced,,,HS Orka,,HS Orka,,63.9713,-22.5838,approximate,,Eldvorp,Flugvallarbraut,Keflavik,Northern Europe,Europe,L700048,G700073,,,https://gem.wiki/Eldvörp_geothermal_power_plant
Iceland,Hellisheiðarvirkjun geothermal power plant,1,,,45,303,flash steam - single,operating,2006,,Orkuveita Reykjavikur,,Orkuveita Reykjavikur,,64.0373,-21.4007,exact,,Sveitarfélagið Ölfus,Southern Region,,Northern Europe,Europe,L700065,G700101,WRI: WRI1002796,,https://gem.wiki/Hellisheiðarvirkjun_geothermal_power_plant
Iceland,Hellisheiðarvirkjun geothermal power plant,2,,,45,303,flash steam - single,operating,2006,,Orkuveita Reykjavikur,,Orkuveita Reykjavikur,,64.0373,-21.4007,exact,,Sveitarfélagið Ölfus,Southern Region,,Northern Europe,Europe,L700065,G700102,WRI: WRI1002796,,https://gem.wiki/Hellisheiðarvirkjun_geothermal_power_plant
Iceland,Hellisheiðarvirkjun geothermal power plant,3,,,45,303,flash steam - single,operating,2008,,Orkuveita Reykjavikur,,Orkuveita Reykjavikur,,64.0373,-21.4007,exact,,Sveitarfélagið Ölfus,Southern Region,,Northern Europe,Europe,L700065,G700103,WRI: WRI1002796,,https://gem.wiki/Hellisheiðarvirkjun_geothermal_power_plant
Iceland,Hellisheiðarvirkjun geothermal power plant,4,,,45,303,flash steam - single,operating,2008,,Orkuveita Reykjavikur,,Orkuveita Reykjavikur,,64.0373,-21.4007,exact,,Sveitarfélagið Ölfus,Southern Region,,Northern Europe,Europe,L700065,G700104,WRI: WRI1002796,,https://gem.wiki/Hellisheiðarvirkjun_geothermal_power_plant
Iceland,Hellisheiðarvirkjun geothermal power plant,5,,,45,303,flash steam - single,operating,2011,,Orkuveita Reykjavikur,,Orkuveita Reykjavikur,,64.0373,-21.4007,exact,,Sveitarfélagið Ölfus,Southern Region,,Northern Europe,Europe,L700065,G700105,WRI: WRI1002796,,https://gem.wiki/Hellisheiðarvirkjun_geothermal_power_plant
Iceland,Hellisheiðarvirkjun geothermal power plant,6,,,45,303,flash steam - single,operating,2011,,Orkuveita Reykjavikur,,Orkuveita Reykjavikur,,64.0373,-21.4007,exact,,Sveitarfélagið Ölfus,Southern Region,,Northern Europe,Europe,L700065,G700106,WRI: WRI1002796,,https://gem.wiki/Hellisheiðarvirkjun_geothermal_power_plant
Iceland,Hellisheiðarvirkjun geothermal power plant,Low-pressure turbine,,,33,303,unknown type,operating,2007,,Orkuveita Reykjavikur,,Orkuveita Reykjavikur,,64.0373,-21.4007,exact,,Sveitarfélagið Ölfus,Southern Region,,Northern Europe,Europe,L700065,G700107,WRI: WRI1002796,,https://gem.wiki/Hellisheiðarvirkjun_geothermal_power_plant
Iceland,Hverahlíð geothermal power plant,,,,90,,unknown type,cancelled,,,Orkuveita Reykjavikur,,Orkuveita Reykjavikur,,64.0077,-21.3547,approximate,,,Hverahlidh,Southern Region,Northern Europe,Europe,L700067,G700110,,,https://gem.wiki/Hverahlíð_geothermal_power_plant
Iceland,Krafla geothermal power plant,1,,,30,60,flash steam - double,operating,1977,,Landsvirkjun,,Landsvirkjun,,65.7035,-16.7735,exact,,Þingeyjarsveit,Northeastern Region,,Northern Europe,Europe,L700082,G700134,WRI: WRI1002800,,https://gem.wiki/Krafla_geothermal_power_plant
Iceland,Krafla geothermal power plant,2,,,30,60,flash steam - double,operating,1999,,Landsvirkjun,,Landsvirkjun,,65.7035,-16.7735,exact,,Þingeyjarsveit,Northeastern Region,,Northern Europe,Europe,L700082,G700135,WRI: WRI1002800,,https://gem.wiki/Krafla_geothermal_power_plant
Iceland,Nesjavellir geothermal power station,1,Nesjavallavirkjun,,30,120,flash steam - single,operating,1998,,Orkuveita Reykjavikur,,Orkuveita Reykjavikur,,64.1081,-21.2567,exact,,Grímsnes- og Grafningshreppur,Southern Region,,Northern Europe,Europe,L700119,G700196,WRI: WRI1002805,,https://gem.wiki/Nesjavellir_geothermal_power_station
Iceland,Nesjavellir geothermal power station,2,Nesjavallavirkjun,,30,120,flash steam - single,operating,1998,,Orkuveita Reykjavikur,,Orkuveita Reykjavikur,,64.1081,-21.2567,exact,,Grímsnes- og Grafningshreppur,Southern Region,,Northern Europe,Europe,L700119,G700197,WRI: WRI1002805,,https://gem.wiki/Nesjavellir_geothermal_power_station
Iceland,Nesjavellir geothermal power station,3,Nesjavallavirkjun,,30,120,flash steam - single,operating,,,Orkuveita Reykjavikur,,Orkuveita Reykjavikur,,64.1081,-21.2567,exact,,Grímsnes- og Grafningshreppur,Southern Region,,Northern Europe,Europe,L700119,G700198,WRI: WRI1002805,,https://gem.wiki/Nesjavellir_geothermal_power_station
Iceland,Nesjavellir geothermal power station,4,Nesjavallavirkjun,,30,120,flash steam - single,operating,2005,,Orkuveita Reykjavikur,,Orkuveita Reykjavikur,,64.1081,-21.2567,exact,,Grímsnes- og Grafningshreppur,Southern Region,,Northern Europe,Europe,L700119,G700199,WRI: WRI1002805,,https://gem.wiki/Nesjavellir_geothermal_power_station
Iceland,Reykjanes geothermal power plant,1,Reykjanesvirkjun,,50,100,flash steam - single,operating,2006,,HS Orka,,HS Orka,,63.8251,-22.6848,exact,,,Southern Peninsula,,Northern Europe,Europe,L700148,G700242,WRI: WRI1002806,,https://gem.wiki/Reykjanes_geothermal_power_plant
Iceland,Reykjanes geothermal power plant,2,Reykjanesvirkjun,,50,100,flash steam - single,operating,2006,,HS Orka,,HS Orka,,63.8251,-22.6848,exact,,,Southern Peninsula,,Northern Europe,Europe,L700148,G700243,WRI: WRI1002806,,https://gem.wiki/Reykjanes_geothermal_power_plant
Iceland,Reykjanes geothermal power plant,3,Reykjanesvirkjun,,30,100,unknown type,announced,2023,,HS Orka,,HS Orka,,63.8251,-22.6848,exact,,,Southern Peninsula,,Northern Europe,Europe,L700148,G700244,WRI: WRI1002806,,https://gem.wiki/Reykjanes_geothermal_power_plant
Iceland,Svartsengi geothermal power plant,5,Virkjunin í Svartsengi,,30,75,flash steam - single,operating,2000,,HS Orka,,HS Orka,,63.8788,-22.4332,exact,,Grindavíkurbær,Southern Peninsula,,Northern Europe,Europe,L700168,G700276,WRI: WRI1002810,,https://gem.wiki/Svartsengi_geothermal_power_plant
Iceland,Svartsengi geothermal power plant,6,Virkjunin í Svartsengi,,30,75,flash steam - single,operating,2008,,HS Orka,,HS Orka,,63.8788,-22.4332,exact,,Grindavíkurbær,Southern Peninsula,,Northern Europe,Europe,L700168,G700277,WRI: WRI1002810,,https://gem.wiki/Svartsengi_geothermal_power_plant
Iceland,Þeistareykir geothermal station,1,,,45,90,flash steam - single,operating,2017,,Landsvirkjun,,Landsvirkjun,,65.88,-16.84,approximate,,,Theistareykir,Northeast,Northern Europe,Europe,L700176,G700287,,,https://gem.wiki/Þeistareykir_geothermal_station
Iceland,Þeistareykir geothermal station,2,,,45,90,flash steam - single,operating,2018,,Landsvirkjun,,Landsvirkjun,,65.88,-16.84,approximate,,,Theistareykir,Northeast,Northern Europe,Europe,L700176,G700288,,,https://gem.wiki/Þeistareykir_geothermal_station
Italy,Bagnore geothermal power plant,4,Centrale geotermica Bagnore,,40,40,dry steam,operating,2014,,Enel Green Power,,Enel Green Power,,42.8416,11.5588,exact,,Grosseto,,Tuscany,Southern Europe,Europe,L700007,G700012,WRI: WRI1021456,,https://gem.wiki/Bagnore_geothermal_power_plant
Italy,Farinello geothermal power plant,,Centrale geotermica Farinello,,60,60,dry steam,operating,1995,,Enel Green Power,,Enel Green Power,,43.2388,10.9047,exact,,Pisa,,Tuscany,Southern Europe,Europe,L700051,G700079,WRI: WRI1021364,,https://gem.wiki/Farinello_geothermal_power_plant
Italy,Nuova Radicondoli geothermal power plant,,Centrale geotermica Nuova Radicondoli,,40,40,dry steam,operating,2002,,Enel Green Power,,Enel Green Power,,43.1935,11.0446,exact,,Siena,,Tuscany,Southern Europe,Europe,L700126,G700206,WRI: WRI1021348,,https://gem.wiki/Nuova_Radicondoli_geothermal_power_plant
Italy,Nuova San Martino geothermal power plant,,Centrale geotermica Nuova San Martino,,40,40,dry steam,operating,2005,,Enel Green Power,,Enel Green Power,,43.1452,10.8325,exact,,Grosseto,,Tuscany,Southern Europe,Europe,L700127,G700207,WRI: WRI1021455,,https://gem.wiki/Nuova_San_Martino_geothermal_power_plant
Italy,Nuova Serrazzano geothermal power plant,,Centrale geotermica Nuova Serrazzano,,60,60,dry steam,operating,2002,,Enel Green Power,,Enel Green Power,,43.204,10.8003,exact,,Pisa,,Tuscany,Southern Europe,Europe,L700128,G700208,WRI: WRI1021382,,https://gem.wiki/Nuova_Serrazzano_geothermal_power_plant
Italy,Travale geothermal power plant,4,Centrale geotermica Travale,,40,40,dry steam,operating,2002,,Enel Green Power,,Enel Green Power,,43.1708,11.039,exact,,Grosseto,,Tuscany,Southern Europe,Europe,L700180,G700299,WRI: WRI1021454,,https://gem.wiki/Travale_geothermal_power_plant
Italy,Valle Secolo geothermal power plant,1,Centrale geotermica di Larderello Valle Secolo,,60,120,dry steam,operating,1991,,Enel Green Power,,Enel Green Power,,42.2362,10.8674,exact,,Grosseto,,Tuscany,Southern Europe,Europe,L700186,G700310,WRI: WRI1002978,,https://gem.wiki/Valle_Secolo_geothermal_power_plant
Italy,Valle Secolo geothermal power plant,2,Centrale geotermica di Larderello Valle Secolo,,60,120,dry steam,operating,1991,,Enel Green Power,,Enel Green Power,,42.2362,10.8674,exact,,Grosseto,,Tuscany,Southern Europe,Europe,L700186,G700311,WRI: WRI1002978,,https://gem.wiki/Valle_Secolo_geothermal_power_plant
Australia,Limestone Coast geothermal power plant,1,,,50,,unknown type,cancelled,,,Scopenergy Ltd.,,Scopenergy Ltd.,,-37.0471,140.0019,approximate,,,Limestone Coast,South Australia,Australia and New Zealand,Oceania,L700088,G700144,,,https://gem.wiki/Limestone_Coast_geothermal_power_plant
New Zealand,Kawerau geothermal power plant,,,,100,100,flash steam - double,operating,2008,,Mercury New Zealand,,Mercury New Zealand,,-38.0631,176.7272,exact,,Kawerau District,,Bay of Plenty,Australia and New Zealand,Oceania,L700077,G700128,WRI: WRI1000327,,https://gem.wiki/Kawerau_geothermal_power_plant
New Zealand,Mōkai geothermal power plant,,,,110,110,binary cycle,operating,2000,,Mercury New Zealand,,Tuaropaki Power Company [75%]; Mercury New Zealand [25%],,-38.5312,175.9268,exact,,Taupo District,,Waikato,Australia and New Zealand,Oceania,L700109,G700183,WRI: WRI1000320,,https://gem.wiki/Mōkai_geothermal_power_plant
New Zealand,Nga Awa Purua geothermal power plant,,,"Rotokawa II, Taonga",140,140,flash steam - triple,operating,2010,,Mercury New Zealand,,Mighty River Power [75%]; Tauhara North 2 Trust [25%],,-38.6143,176.1825,exact,,Taupo District,,Waikato,Australia and New Zealand,Oceania,L700121,G700201,WRI: WRI1000326,,https://gem.wiki/Nga_Awa_Purua_geothermal_power_plant
New Zealand,Ngatamariki geothermal power plant,,,,100,100,binary cycle,operating,2013,,Mighty River Power,,Mighty River Power,,-38.5731,176.1953,exact,,Taupo District,,Waikato,Australia and New Zealand,Oceania,L700122,G700202,,,https://gem.wiki/Ngatamariki_geothermal_power_plant
New Zealand,Ngāwhā geothermal power station,,,"OEC4, Ngawha-2",32,32,unknown type,operating,2021,,Top Energy Ltd.,,Top Energy Ltd.,,-35.4176,173.8522,exact,Kaikohe-Hokianga Community,Far North District,,Northland,Australia and New Zealand,Oceania,L700123,G700203,,,https://gem.wiki/Ngāwhā_geothermal_power_station
New Zealand,Ohaaki geothermal power plant,,,,104,104,flash steam - single,operating,1989,,Contact Energy,,Contact Energy,,-38.5279,176.2937,exact,,Taupo District,,Waikato,Australia and New Zealand,Oceania,L700129,G700209,WRI: WRI1000332,,https://gem.wiki/Ohaaki_geothermal_power_plant
New Zealand,Poihipi Road geothermal power station,,,,50,50,flash steam - single,operating,1997,,Contact Energy,,Contact Energy,,-38.6298,176.0413,exact,,Taupo District,,Waikato,Australia and New Zealand,Oceania,L700141,G700234,,,https://gem.wiki/Poihipi_Road_geothermal_power_station
New Zealand,Rotokawa I geothermal power plant,,,,34,34,binary cycle,operating,2000,,Mercury New Zealand,,Mighty River Power [50%]; Tauhara North 2 Trust [50%],,-38.6125,176.1932,exact,,Taupo District,,Waikato,Australia and New Zealand,Oceania,L700150,G700246,WRI: WRI1000325,,https://gem.wiki/Rotokawa_I_geothermal_power_plant
New Zealand,Tauhara geothermal power plant,,,,168,,unknown type,construction,2023,,Contact Energy,,Contact Energy,,-38.6667,176.1567,exact,,Taupo District,,Waikato,Australia and New Zealand,Oceania,L700170,G700279,,,https://gem.wiki/Tauhara_geothermal_power_plant
New Zealand,Te Mihi geothermal power plant,1,,,83,166,flash steam - double,operating,2014,,Contact Energy,,Contact Energy,,-38.6164,176.038,exact,,Taupo District,,Waikato,Australia and New Zealand,Oceania,L700171,G700280,,,https://gem.wiki/Te_Mihi_geothermal_power_plant
New Zealand,Te Mihi geothermal power plant,2,,,83,166,flash steam - double,operating,2014,,Contact Energy,,Contact Energy,,-38.6164,176.038,exact,,Taupo District,,Waikato,Australia and New Zealand,Oceania,L700171,G700281,,,https://gem.wiki/Te_Mihi_geothermal_power_plant
New Zealand,Te Mihi geothermal power plant,future units,,THIB,180,166,unknown type,announced,,,Contact Energy,,Contact Energy,,-38.6164,176.038,exact,,Taupo District,,Waikato,Australia and New Zealand,Oceania,L700171,G700282,,,https://gem.wiki/Te_Mihi_geothermal_power_plant
New Zealand,Tikitere geothermal power plant,,,,45,,unknown type,announced,,,"Ormat Technologies, Inc",,"Ormat Technologies, Inc",,-38.0843,176.3595,approximate,,,Tikitere,Rotorua,Australia and New Zealand,Oceania,L700177,G700289,,,https://gem.wiki/Tikitere_geothermal_power_plant
New Zealand,Wairakei geothermal power plant,B-11,,,30,132,flash steam - double,operating,1958,2031,Contact Energy,,Contact Energy,,-38.6266,176.1055,exact,,Taupo District,,Waikato,Australia and New Zealand,Oceania,L700189,G700314,WRI: WRI1000331,,https://gem.wiki/Wairakei_geothermal_power_plant
New Zealand,Wairakei geothermal power plant,B-12,,,30,132,flash steam - double,operating,1958,2031,Contact Energy,,Contact Energy,,-38.6266,176.1055,exact,,Taupo District,,Waikato,Australia and New Zealand,Oceania,L700189,G700315,WRI: WRI1000331,,https://gem.wiki/Wairakei_geothermal_power_plant
New Zealand,Wairakei geothermal power plant,B-13,,,30,132,flash steam - double,operating,1958,2031,Contact Energy,,Contact Energy,,-38.6266,176.1055,exact,,Taupo District,,Waikato,Australia and New Zealand,Oceania,L700189,G700316,WRI: WRI1000331,,https://gem.wiki/Wairakei_geothermal_power_plant
New Zealand,Wairakei geothermal power plant,future units,,,40,,unknown type,announced,,,Contact Energy,,Contact Energy,,-38.6266,176.1055,exact,,Taupo District,,Waikato,Australia and New Zealand,Oceania,L700189,G700317,,,https://gem.wiki/Wairakei_geothermal_power_plant
Papua New Guinea,Lihir Island geothermal power plant,2,,,30,56,flash steam - single,operating,2007,,Newcrest Mining Limited,,Newcrest Mining Limited,,-3.1245,152.6464,exact,,,,New Ireland,Melanesia,Oceania,L700087,G700142,WRI: WRI1022423,,https://gem.wiki/Lihir_Island_geothermal_power_plant
Papua New Guinea,Lihir Island geothermal power plant,3,,,40,56,unknown type,cancelled,,,Newcrest Mining Limited,,Newcrest Mining Limited,,-3.1245,152.6464,exact,,,,New Ireland,Melanesia,Oceania,L700087,G700143,WRI: WRI1022423,,https://gem.wiki/Lihir_Island_geothermal_power_plant